name,iso2,iso3,health_care_index,crime_index,traffic_time_index,purchasing_power_incl_rent_index,cpi_index,pollution_index,traffic_index,quality_of_life_index,cpi_and_rent_index,groceries_index,safety_index,rent_index,traffic_co2_index,restaurant_price_index,traffic_inefficiency_index,property_price_to_income_ratio,climate_index,continent,region
Afghanistan,AF,AFG,26.984265734265733,77.01261716273164,56.166666666666664,21.791371069497504,23.786993606348183,86.83485914175331,276.2742170940849,-1,14.294118078217307,17.223684919485805,22.987382837268363,3.268418979326835,9100.000000000002,14.555701866718056,298.13312783688343,13.715305529948,-1,Asia,Central Asia
Aland Islands,AX,ALA,87.26851851851852,22.186779123414073,19.05,96.10241835670682,74.98550407495156,15,68.24990390169485,-1,50.43717705142798,62.969488495336854,77.81322087658592,21.925008495076376,1373.3,73.19094674250137,60.48500755686889,4.362745098039215,-1,Europe,Northern Europe
Albania,AL,ALB,50.42424849213933,45.57142589821575,38.21212121212121,23.23164579200947,36.75521890415018,78.79850281030181,119.83771590740596,93.21136317791488,23.829536845509303,30.035245067388654,54.42857410178425,8.816732705796506,1447.2121212121212,27.896457934183992,92.74183173052394,16.96089761623495,86.428601198825,Europe,Balkan
Algeria,DZ,DZA,52.74396347333834,53.734097257579464,48.89285714285714,23.846202758125013,27.007685110347317,64.99909006662485,213.33158977300835,97.3239533762401,16.736567597353265,28.356053049014207,46.26590274242053,4.806963045810746,5528.642857142857,14.668732002288992,227.03331326426428,17.57241782858876,94.82183140373938,Africa,Mahgreb
American Samoa,AS,ASM,-1,16.176470588235293,100,-1,-1,78.44827586206897,641.589850455992,-1,-1,-1,83.82352941176471,-1,26600,-1,614.335045273905,-1,-1,North America,Pacific
Andorra,AD,AND,75.55555555555556,13.75012215914998,7.5,75.05857353253738,63.165784766135346,30.882967607105538,10.238612787525831,-1,45.90738074395548,61.806312838334584,86.24987784085,25.862245936093615,0,54.97763843071453,0,9.309060819197352,-1,Europe,Western Europe
Angola,AO,AGO,36.581196581196586,66.38591043104896,56.333333333333336,28.516204734093943,64.43301170003842,97.55409060175792,304.209136764503,-1,94.23148257565296,63.971327396321776,33.61408956895103,128.84154066689894,14984.666666666668,63.29690487338151,297.15424713368907,13.453598338279964,-1,Africa,Central Africa
Anguilla,AI,AIA,38.888888888888886,26.470588235294116,-1,-1,-1,-1,-1,-1,-1,-1,73.52941176470588,35.53141593471648,-1,80.67639788963588,-1,-1,-1,North America,The Caribbean
Antigua And Barbuda,AG,ATG,30.555555555555557,46.323529411764696,35,-1,-1,43.10344827586207,166.8172957668979,-1,-1,85.06657423369919,53.676470588235304,31.82399982256829,9310,75.283278975209,137.18346146428752,20.69982772444177,-1,North America,The Caribbean
Argentina,AR,ARG,69.27457345148316,64.27400486897126,43.06410256410256,29.54368066821656,34.88236007071999,50.98352518614607,171.87366470894494,103.99482176506919,22.486048226901847,27.682514987837298,35.72599513102873,8.088092210210815,4053.189743589744,34.07402235483837,186.38038757624946,27.145838667214683,98.27899589633084,South America,South America
Armenia,AM,ARM,53.96118043176867,22.30977056563416,32.1875,27.430830009811196,33.776024801784125,60.220965387507924,113.79616685028505,115.8487276651029,23.595523107263705,27.276472588803642,77.69022943436583,11.771166195925597,3165.1875,29.738246003891984,93.8877767966366,17.07585386887513,63.42397613604059,Asia,Eastern Europe
Aruba,AW,ABW,70.83333333333333,29.30853375833092,46.333333333333336,43.24788869052555,84.6948032032475,40,171.38141561911516,-1,56.33232944108898,76.96444070309812,70.69146624166909,23.390140272481077,1684.6666666666665,83.70441193322395,384.68516895080114,-1,-1,North America,The Caribbean
Australia,AU,AUS,78.09735461628783,43.6398269591064,34.88179775280899,99.29400802556837,80.44691731523297,23.8089021813533,148.31647897248507,181.58110541776156,61.10374342754735,79.24403212739648,56.3601730408936,38.63720899642229,5734.74382022472,75.2846530204442,208.7264879330814,7.098153191794958,92.7024572835917,Oceania,Anglosphere
Austria,AT,AUT,76.65966820427612,25.857156947029743,25.561142857142855,73.64510639490972,72.62109875216987,21.158656907414535,79.63142001373072,177.72549131577563,52.2184987528274,66.96221329317437,74.14284305297028,28.521471675925902,1633.142857142857,68.26503322669416,73.64712767113525,11.0344725278959,77.14525515873042,Europe,Western Europe
Azerbaijan,AZ,AZE,44.56448522728764,31.932487998776583,39.861702127659576,25.658782241223033,29.612223396992547,74.48207058948508,163.20322871225846,102.2773881282628,19.782715559196745,26.093463189203163,68.06751200122342,8.366027813891272,4784.340425531914,26.587575184550033,210.02778843765324,17.76449171482406,91.39681195476994,Asia,Eastern Europe
Bahamas,BS,BHS,40.4320987654321,62.055666299192524,25.833333333333332,45.96892796037862,82.80909959984622,62.80160764882351,118.96132906813553,115.86676374871563,60.796897378519624,68.95882616985081,37.944333700807476,35.23036408973198,6140.166666666666,84.94598650142878,92.67045211910629,3.2603453593504086,85.97953987961483,North America,The Caribbean
Bahrain,BH,BHR,66.45152505446623,24.741304532986316,30.433333333333334,58.664404080763376,55.493673125156484,70.69143602629305,139.77148986849627,133.9297940073823,43.52346079571136,44.49219962150212,75.25869546701367,29.62040698412544,7097.866666666667,50.82749868879803,187.34844974494368,7.28760593220339,64.30601564609401,Asia,Middle East
Bangladesh,BD,BGD,42.43822020364805,63.87355038333335,56.5078125,24.21300356627998,32.49232068232943,84.94110479294457,253.7143195061561,66.5183248794394,19.615959306653984,30.161746612336476,36.12644961666664,4.660439707133168,4927.09375,21.966076657749664,322.946011605135,14.376973946713107,72.90637807013188,Asia,South Asia
Barbados,BB,BRB,69.94598765432099,47.292921083131006,36.66666666666667,32.70517574978455,94.12005575628152,24.880268199233715,157.01169902203472,-1,61.199253885697594,87.67661443896921,52.707078916868994,22.96269906691572,6363.333333333334,82.66082571087414,137.80954038539332,11.931691246489581,-1,North America,The Caribbean
Belarus,BY,BLR,45.110767619037524,59.01447347276597,30.153846153846157,27.97478366628599,32.44200208515508,45.00134686011079,108.81667331832377,105.15203340983246,22.072344446973897,28.3262770684431,40.98552652723403,10.0282884032296,3367.4700854700855,33.863874588002,96.89886291931383,17.708995628837958,64.36819935930932,Europe,Eastern Europe
Belgium,BE,BEL,75.27223418160503,45.08314503305685,36.81428571428572,76.27033434042588,74.06431413219028,50.02567093377867,148.897443665536,150.60936303427945,52.244105300253686,63.864655231393066,54.91685496694315,26.900566754641307,4745.222857142857,81.12003791208114,192.77910600408322,6.978379748720563,86.02892835079122,Europe,Western Europe
Belize,BZ,BLZ,45.54347273097273,50.922561407457614,20.5,45.376322008125,50.8477004582386,55.11494252873563,93.48636912053566,-1,32.812282560839535,48.40772669069629,49.077438592542386,11.864668713992897,3857,34.83138015634981,40.3723798143106,9.777199307462826,-1,North America,Central America
Benin,BJ,BEN,44.44444444444444,37.28991596638656,26,-1,-1,97.41379310344827,104.28136762875958,-1,-1,34.61837777993007,62.71008403361344,7.414580939626149,4160,33.79834021755762,73.73920041799543,-1,-1,Africa,West Africa
Bermuda,BM,BMU,72.72727272727272,36.37754090587663,36.333333333333336,74.49315109628436,145.94295929481672,11.998231653404067,139.9338762126456,173.51787429868534,125.09617947449692,147.1770284898591,63.62245909412337,100.88325044171467,3623.3333333333335,161.0233746794032,244.64151175288367,7.029389241004851,91.82294448487004,North America,Anglosphere
Bhutan,BT,BTN,62.638888888888886,32.70220588235294,0,19.1364878448906,41.39580181718988,54.34794663363042,0,-1,24.228715058354886,43.169069810466745,67.29779411764706,4.289642598534052,0,25.368114111555418,0,45.65189966875895,-1,Asia,South Asia
Bolivia,BO,BOL,49.415695937873366,58.876557565923356,41.06666666666666,33.98627732862359,35.20561825403384,74.63522296553148,160.27649135522236,93.33108076233036,23.966065724033932,31.502967698363932,41.123442434076644,10.91165203929531,3813.866666666667,25.375258875006917,180.3887001688082,9.620782366809129,68.52018922378019,South America,South America
Bonaire,BQ,BES,-1,37.05357142857142,-1,-1,-1,-1,-1,-1,-1,69.22055410154205,62.94642857142858,30.36773819840955,-1,83.26996198047915,-1,6.951219512195122,-1,North America,The Caribbean
Bosnia And Herzegovina,BA,BIH,54.80215852374014,41.90123189297486,25.545454545454543,43.62691024983392,36.21344969984179,60.26978472190476,87.68238728851624,128.17610366214635,22.734527411319156,30.85394575043462,58.09876810702514,7.079150819665851,2390.3636363636365,26.05588252423662,66.7869539596636,10.496871493030968,80.47767694864926,Europe,Balkan
Botswana,BW,BWA,60.14957264957265,52.978045287336215,28.533333333333335,57.311730913347134,40.878773644055116,46.09201892560214,127.22014560251527,97.21257036801545,26.92197607638431,34.859178289007225,47.02195471266379,10.711561233247306,6591.333333333334,43.53546471051858,95.83895008954617,53.82496417311551,88.87377722331424,Africa,Southern Africa
Brazil,BR,BRA,57.86327772717171,67.17883352445598,41.20357941834452,26.814488761783533,32.08175264520274,54.03737437172488,174.6749508178752,106.56776028183903,21.041964133799997,27.006112566478542,32.821166475544,8.219570552275677,5558.223713646534,24.873885754546762,207.18796640513276,16.271985762054967,97.17881229614703,South America,South America
British Virgin Islands,VG,VGB,-1,35.845588235294116,-1,-1,-1,68.10344827586206,-1,-1,-1,-1,64.15441176470588,62.42902986660466,-1,89.86975485845484,-1,9.457109791038892,-1,North America,The Caribbean
Brunei,BN,BRN,77.00396825396825,28.99657048214099,27.785714285714285,83.45207552735894,47.80126233034748,34.129783034749906,132.0989534036426,-1,35.99699748369578,47.759521347007386,71.00342951785899,22.286686851568657,6726,35.43423365090992,245.51814114711317,3.2118113943633553,-1,Asia,South East Asia
Bulgaria,BG,BGR,56.35312966685069,38.745121173759486,29.365051903114182,43.39246488850816,38.05943432305255,64.27729940806346,102.47015042797997,128.9969381346432,24.721442193471276,33.431173584679705,61.25487882624052,9.229751886531336,2948.719723183391,31.18352924128741,92.59635686652723,7.774310425588948,82.75672094261895,Europe,Balkan
Burkina Faso,BF,BFA,49.30555555555556,51.536576168929116,50,9.58798744262185,46.74490433362458,-1,159.62899325029827,-1,28.712162221946,44.56826588236169,48.463423831070884,7.767656222465488,450,18.38418172399468,75.1570837367136,11.052631578947368,-1,Africa,West Africa
Burundi,BI,BDI,63.888888888888886,43.242296918767515,-1,-1,-1,80.31609195402298,-1,-1,-1,-1,56.75770308123248,9.101683704308531,-1,21.384308570657733,-1,-1,-1,Africa,East Africa
Cambodia,KH,KHM,49.430230669265754,50.82261372882097,27.733333333333334,10.38427299672128,47.96761682982868,78.27270466164221,103.55525519266769,57.38203409382663,33.12979603800083,49.45566130389225,49.17738627117903,15.896098319205768,3442.666666666667,22.5759133086794,111.96482620981126,40.097102672532245,59.42962086535666,Asia,South East Asia
Cameroon,CM,CMR,41.095478595478596,65.29899265797016,35,14.836741881748777,39.95738541046324,90.60827278668359,168.1681579626896,-1,24.821030415318525,40.79433479677067,34.70100734202984,7.240593893644946,9310,25.434082353115144,170.65232994205007,15.734193540154669,-1,Africa,Central Africa
Canada,CA,CAN,71.52356019200742,42.51019885349962,33.58150721539284,87.21563388464216,70.68478364986584,28.698771861775946,139.30396683516472,161.2314553077229,54.12192609496028,69.64536394843167,57.48980114650038,34.88464829888975,5327.226082308926,69.15366299175163,176.36098571471163,7.033547696194495,57.048514041622994,North America,Anglosphere
Cape Verde,CV,CPV,95.83333333333333,51.633986928104584,-1,-1,-1,-1,-1,-1,-1,40.60085270623689,48.36601307189542,9.565830803698546,-1,34.02671033627144,-1,10.174118272054343,-1,Africa,West Africa
Cayman Islands,KY,CYM,65.67460317460318,33.29512773792857,10.2,79.36118508073359,116.84708880942836,26.091954022988503,71.26099308509065,-1,96.4561879872371,126.94946044892454,66.70487226207145,72.77274916466293,2713.2,97.56027926289079,33.39525501866464,24.935806934989323,-1,North America,Anglosphere
Central African Republic,CF,CAF,1.3888888888888888,83.7566844919786,-1,-1,-1,113.79310344827586,-1,-1,-1,-1,16.24331550802139,-1,-1,46.84054811592262,-1,-1,-1,Africa,Central Africa
Chad,TD,TCD,44.21296296296296,64.41176470588235,6,-1,-1,45.402298850574724,51.778617249477605,-1,-1,76.34094975700155,35.588235294117645,26.512920372618513,1596,45.10015037410499,11.418714167354642,2,-1,Africa,Central Africa
Chile,CL,CHL,64.1174670923763,53.41468568755703,35.970588235294116,31.880810817331017,43.98190176621469,78.59099012039268,130.62650152301612,99.53036858553094,29.928085037320372,38.35093518465493,46.58531431244297,13.604985257431881,3288.039215686275,43.73537523938905,114.46758906368325,17.452545181543044,90.20526946449961,South America,South America
China,CN,CHN,66.31556216912733,29.46010767745483,39.99211356466877,58.31258709083566,41.153746312693414,80.60590701206245,151.2929822847563,105.80507484305954,29.873074758263858,44.901325866315325,70.53989232254517,16.770902521413415,3374.107255520504,27.710648642144225,170.821115098654,27.840831767962673,79.12021050222943,Asia,East Asia
Colombia,CO,COL,66.96036330114092,57.68036021475283,47.80447826086957,27.845092144695236,27.767613071698616,63.00679406667106,202.14410654813005,103.28018737724324,18.9072229654563,24.057442237917716,42.319639785247155,8.616137306456908,4782.086956521739,20.238111664528,217.36181780973118,16.552482253244875,88.30259212474633,South America,South America
Comoros,KM,COM,-1,47.05882352941177,-1,-1,-1,-1,-1,-1,-1,-1,52.94117647058823,-1,-1,-1,-1,-1,-1,Africa,East Africa
Congo,CD,COD,46.52777777777778,67.08493179880647,75,16.255152772356627,99.13270994926108,96.55172413793103,444.2482562516935,-1,70.8213011766282,93.57281857479113,32.91506820119351,37.938422509598965,19950,62.61323493265956,578.4083128709872,36.67553495284923,-1,Africa,Central Africa
Cook Islands,CK,COK,-1,24.264705882352942,-1,-1,-1,8.620689655172415,-1,-1,-1,74.15753836685889,75.73529411764706,21.36374747008804,-1,47.3354556602129,-1,-1,-1,Oceania,Pacific
Costa Rica,CR,CRI,62.153638221346554,54.31224788499133,60.1875,37.35260163647682,47.42656684656503,44.47136707057273,300.0539437506761,121.21766122902112,32.51414741944124,45.620885390222874,45.68775211500867,15.193805553303925,9028.5,42.34305392611086,331.47589135333794,10.103579222586651,99.47655954803729,North America,Central America
Croatia,HR,HRV,64.13638885819154,24.407237967463963,25.431338028169016,40.6479516080367,54.391372694493,31.175703237842942,94.44786066735016,156.57092631056196,35.78050719010263,48.134354340059666,75.59276203253603,14.164527668065055,2839.3028169014087,47.404975803135166,114.02803337836684,14.162962460893015,89.88714003237439,Europe,Balkan
Cuba,CU,CUB,56.956018518518526,29.28020340503725,33.333333333333336,1.5901088433695545,55.303141770710596,66.41560798548095,85.32932179114897,86.89042242590527,37.01035025373021,48.118273205439564,70.71979659496274,15.763804426043105,666.6666666666667,35.318138755439406,55.05848509503819,35.3680050854972,89.8623933096727,North America,The Caribbean
Curacao,CW,CUW,47.61904761904761,55.649806821987035,17.5,33.267535455995215,74.48102950737268,61.11111111111111,97.05783934996572,-1,48.980390926518844,64.25943253576163,44.35019317801297,19.362140166897646,4655,63.50577160864629,51.07930601957347,10,-1,South America,The Caribbean
Cyprus,CY,CYP,53.57446901848352,31.303307016974745,23.211267605633804,54.79650024170534,59.4717611230029,55.24228214353671,105.66768646466572,148.15759167844527,42.55122824964061,48.97714709589061,68.69669298302526,22.89852096387359,4302.816901408451,61.84437563092657,145.02785445242654,6.27110132965128,93.33887046995015,Europe,Balkan
Czech Republic,CZ,CZE,75.25422600159604,25.484337844637885,29.557262569832403,61.850330542418654,46.99372798306759,35.90968452075775,91.64047446145665,160.78194203956693,33.7133613355885,41.452889299732014,74.51566215536211,18.288601351731835,1925.0614525139665,35.642330685130105,74.8727373054482,13.610451624929198,77.13160119881198,Europe,Central Europe
Denmark,DK,DNK,79.80199916346074,26.58624884501567,28.651685393258425,94.86986740582645,85.85783613000284,21.261692415301095,87.9993642406667,189.88943341441382,62.034562821388036,69.25699143469308,73.41375115498434,34.364523087586306,1635.5505617977528,101.7320730096742,121.0575143502593,6.867108112422945,81.80102172437992,Europe,Northern Europe
Djibouti,DJ,DJI,-1,62.28991596638655,38.25,27.516946438958517,77.75737910091377,64.59770114942529,164.58780168439858,-1,50.78154783210175,64.80410801539823,37.71008403361344,19.449903628933217,6285,61.49345995985052,168.43278640661114,7.706324542293512,-1,Africa,East Africa
Dominica,DM,DMA,36.57407407407407,52.93481028775146,-1,17.09244385847993,66.47603115533246,-1,-1,-1,43.708002310211135,71.35148151720817,47.06518971224854,17.26359835934689,-1,37.88466119135777,-1,0.9803124213201735,-1,North America,The Caribbean
Dominican Republic,DO,DOM,55.284476083742334,61.375397064325455,43.238095238095234,19.967735091633998,41.79947528488094,75.18395672107667,196.41016159264066,82.90140633757689,27.04662345399729,38.05611170710277,38.624602935674545,9.911614714462495,7624.857142857143,34.97278589022173,187.49351558410905,13.198424047112455,67.82483222486506,North America,The Caribbean
Ecuador,EC,ECU,68.96495440755717,56.70609255172028,39.156862745098046,29.34136645917992,37.74173199216854,57.80491734687463,169.6955923330707,117.37005153102747,25.68513093128555,34.98574860732147,43.29390744827972,11.6817391182641,6376.666666666667,28.54608867626205,181.80023754249075,13.213794030644744,94.51073888155945,South America,South America
Egypt,EG,EGY,46.77746529187229,46.541059684422265,48.731960784313735,20.52473107177007,28.95502786609459,83.75356338656134,233.6108479918183,89.15278457185818,18.25698840062915,26.41167390536418,53.458940315577735,5.831526406027215,8759.654901960783,23.543975526349747,287.31781441083746,12.059838581150888,91.97839965871134,Africa,Middle East
El Salvador,SV,SLV,50.99867724867725,67.47475350733305,42.849999999999994,20.3795968976669,43.6864363955837,79.19540229885058,204.47119812065833,79.41720411833606,29.444721828057535,42.83515580023718,32.52524649266695,12.903384168198178,9197.3,35.736839826125966,226.2665363809846,15.671932261357695,86.59734594084414,North America,Central America
Equatorial Guinea,GQ,GNQ,42.592592592592595,35.29411764705882,20.5,16.078945877936487,66.6475887858802,59.85221674876847,85.85733683622986,-1,40.5503582190123,56.95913673840525,64.70588235294116,10.239183202340874,3059,66.93602335145935,30.48604603089946,-1,-1,Africa,Central Africa
Eritrea,ER,ERI,55.55555555555556,20.652876535229474,-1,-1,-1,15.517241379310345,-1,-1,-1,-1,79.34712346477053,6.973713458653965,-1,25.920888353746196,-1,32.995533468743034,-1,Africa,East Africa
Estonia,EE,EST,72.96041270130054,23.692120955066397,24.53636363636364,60.887652776328075,53.64403001304123,19.716539357988385,85.62543817156413,173.01638927190453,36.23564092416778,42.001400268242165,76.3078790449336,16.01630281933969,2128.6909090909094,56.12713315834611,99.95833831931475,9.325542351474926,64.2771309040182,Europe,Northern Europe
Ethiopia,ET,ETH,50.601851851851855,49.515450932411206,54.1,9.66687365831004,47.934556000555034,77.73785381033566,225.0407862748884,71.49819554780836,33.64429445402668,36.426139387756834,50.484549067588794,17.04657088864773,3356.8,17.77794510813438,227.5332586971909,26.456965825924442,96.82226432845879,Africa,East Africa
Falkland Islands,FK,FLK,-1,60.714285714285715,40,-1,-1,5.172413793103448,86.93871006096599,-1,-1,-1,39.28571428571428,32.72822893644818,0,-1,45.787857524740666,-1,-1,South America,Anglosphere
Faroe Islands,FO,FRO,78.24074074074075,18.715838949595412,-1,-1,-1,4.907161803713528,-1,-1,-1,90.9925434786042,81.28416105040458,31.82906316729264,-1,111.8266065558233,-1,5.130426254196814,-1,Europe,Northern Europe
Fiji,FJ,FJI,49.05092592592593,57.61562607524839,40.230769230769226,32.7336242736773,44.70184063749736,52.41589528340889,181.88654140639426,103.92405391852586,32.44329937449516,49.13357868956143,42.38437392475161,18.205359884330203,7070.7692307692305,37.73155601129516,274.6118854542097,14.415009725901056,71.8876664108503,Oceania,Pacific
Finland,FI,FIN,76.1708649575081,27.411837773885328,28.542682926829265,85.41601842918216,74.73929849091941,12.100791667121161,87.46485019752886,181.8578261572995,52.768402780784065,65.82707142711493,72.58816222611465,27.249845804534207,1802.7560975609758,80.11997625086254,76.35613955853142,8.139480263639026,56.64281313137743,Europe,Northern Europe
France,FR,FRA,80.54080717529324,51.50626036861021,35.1180790960452,83.24174653089558,75.28954856739374,42.15915855120521,129.32150415201068,157.07593476829913,52.55753120864546,73.84092064969931,48.4937396313898,26.154953552846017,3365.0564971751414,74.01225726341191,149.31081672329861,9.56091316935674,90.21317023515269,Europe,Western Europe
French Guiana,GF,GUF,55.55555555555556,63.471638655462186,31.666666666666664,-1,-1,33.05847076461769,148.48295313936933,-1,-1,-1,36.528361344537814,28.15253438217554,7536.666666666666,66.80686595425101,245.68216973293315,7.965116279069767,-1,South America,South America
French Polynesia,PF,PYF,96.29629629629629,23.018207282913163,30,34.11111417771283,96.53963605869964,40.40229885057471,141.23795496227748,-1,71.99191379556915,97.4423869088618,76.98179271708683,43.480447650842066,7980,69.83982446810397,131.0135934819693,34.01313256007154,-1,Oceania,Pacific
French Southern Territories,TF,ATF,-1,30.88235294117647,16,-1,-1,37.701149425287355,89.46494303073922,-1,-1,-1,69.11764705882354,-1,3990,-1,39.67105490197499,-1,-1,South America,Western Europe
Gabon,GA,GAB,33.888888888888886,51.593137254901954,16.35,17.376458277322175,63.892379653903966,80.316091954023,89.85845635457036,-1,52.80935206338335,52.674706674364,48.406862745098046,39.93673754782761,3990,73.60181813025649,39.67105490197499,114.39473684210526,-1,Africa,Central Africa
Gambia,GM,GMB,66.66666666666667,45.643382352941174,65,-1,-1,61.666666666666664,268.5008984458565,-1,-1,28.41886674440626,54.356617647058826,2.64271824125033,1600,18.78211572988353,164.44440390531747,-1,-1,Africa,West Africa
Georgia,GE,GEO,54.431054300335354,23.893474116830504,35.40384615384615,27.66891678253076,28.898809846003253,69.85616752553264,123.22291394897911,118.44145883389119,19.81819243348331,25.05816708308887,76.10652588316952,9.271319157214434,2586.3076923076924,26.728998511703256,146.72699503777932,13.357294180888871,84.204252155782,Asia,Eastern Europe
Germany,DE,DEU,73.44499795571515,36.124260128372036,31.189389920424404,99.4089745889126,66.1178737600109,27.81892981151471,104.68924102501015,179.1208515878129,48.97233924911422,52.09569660811745,63.87573987162797,29.058299099046998,2408.222811671088,62.71444118549947,127.02666737935392,8.781704360129426,82.72659761450095,Europe,Western Europe
Ghana,GH,GHA,64.585318914956,47.08183801418997,36.5,15.9387747657352,37.288388356092675,88.97542591375435,185.24370950750708,10.116251832866627,29.659320029595087,38.07122987973436,52.91816198581003,20.798378840218675,9709,30.961828343311055,480.077660082368,89.59882240569567,67.0264356544789,Africa,West Africa
Gibraltar,GI,GIB,67.22222222222223,15.859804341077465,20,85.17787759728535,69.62807953243451,69.95073891625616,60.8401194024548,-1,67.39177548918622,55.82852538691226,84.14019565892254,64.79437332148471,997.5,79.49209116306386,22.893928762370333,10.544940117682193,-1,Europe,Anglosphere
Greece,GR,GRC,57.2882324333496,47.32590602572199,33.80235294117647,37.96298701908728,57.0903753429888,52.013261197360436,133.3304684129174,128.0209511834731,36.76516712663055,45.19825419676936,52.67409397427801,13.158028356952927,4554.964705882353,53.842325134457724,142.89186045692315,9.960263598012158,92.48820444949678,Europe,Balkan
Greenland,GL,GRL,67.5925925925926,37.518382352941174,18,55.920548160350755,116.81474429807193,70.53291536050158,82.47340875728545,-1,78.03518264428281,122.82395950113684,62.481617647058826,32.99384857069282,2660,94.60096438429846,74.91906924357072,12.06766339425462,-1,North America,Northern Europe
Grenada,GD,GRD,63.888888888888886,25.408750456704418,40,-1,-1,49.17711598746081,118.62984700990548,-1,-1,70.92207346479493,74.59124954329558,17.469493188390917,1000,55.45873064676399,46.71767483365564,140.70576385463943,-1,North America,The Caribbean
Guadeloupe,GP,GLP,-1,46.1764705882353,-1,-1,-1,-1,-1,-1,-1,-1,53.8235294117647,29.336278972285296,-1,55.65808707272745,-1,-1,-1,North America,The Caribbean
Guam,GU,GUM,36.18686868686868,61.03005115089515,30,58.82201825940875,97.12711488441619,52.774294670846395,140.1447991710262,-1,73.63999944844156,97.12093189863923,38.96994884910486,46.360397316235904,7980,66.80996134629467,107.18380497968087,1.9425054814217546,-1,Oceania,Pacific
Guatemala,GT,GTM,65.93962600956196,58.332690818260176,48.5625,25.2803775064874,43.39504088307443,72.74327468048922,248.75996001902774,99.51197800286661,30.71176234540063,41.341326221228854,41.667309181739824,15.98050285196225,12163.3125,32.54974768250084,265.3613663701123,13.991654754157235,99.89474190510344,North America,Central America
Guernsey,GG,GGY,54.861111111111114,17.25232198142415,15,64.85248094220427,92.04015804168772,13.793103448275861,60.12797061392891,-1,75.17820613717767,93.72248336087127,82.74767801857585,55.593538944591295,1330,89.54251703765729,22.904094226691683,9.339117826660209,-1,Europe,Anglosphere
Guinea,GN,GIN,-1,69.48529411764706,-1,-1,-1,105.51724137931035,-1,-1,-1,-1,30.514705882352942,22.80209246900808,-1,35.00938782466701,-1,2.8125,-1,Africa,West Africa
Guinea-Bissau,GW,GNB,77.77777777777777,51.470588235294116,20,-1,-1,-1,104.082265002815,-1,-1,-1,48.529411764705884,7.852098634118549,5320,21.74957930302353,44.512900996689524,8.195945569040214,-1,Africa,West Africa
Guyana,GY,GUY,35.29040404040404,68.93461335047267,52,16.977817878608413,49.02622288593634,63.71764117941029,189.61342495162356,-1,30.584015497376882,52.21731274653724,31.065386649527326,9.163927476310407,1480,43.209895488257075,113.57535399493028,44.19825636940682,-1,South America,South America
Haiti,HT,HTI,36.111111111111114,68.76532820758072,90,24.901494968376205,70.1266643687102,86.03448275862067,555.2605544008752,-1,51.316534290630514,64.8548547047174,31.234671792419288,29.469114756127095,23940,67.71012605970225,372.7046207575181,24.758534200551058,-1,North America,The Caribbean
Honduras,HN,HND,38.742954911433166,74.038143659458,20.37,30.658531763809034,40.834360381760845,79.15738489761915,99.98468817674059,-1,27.066930764229568,34.964105052620795,25.961856340541996,11.07646129286373,4415.6,29.07648785057997,74.8466068846712,10.021935523467402,-1,North America,Central America
Hong Kong,HK,HKG,66.25650366961537,22.082315030055153,42.544378698224854,66.94358842338642,80.61402794629502,67.73179024908757,144.9403731302534,101.99175649112661,78.94874104880343,84.14035375694193,77.91768496994484,77.01455870430127,1651.4319526627219,59.20044628628255,149.83169025797412,43.63871389265834,83.63913011423632,Asia,East Asia
Hungary,HU,HUN,53.381143667661206,34.351392169122285,35.621875,50.51866009029633,40.054526838998925,48.05639747238246,125.8071361392384,136.4419003422604,27.042935629163384,34.332433783753295,65.64860783087772,11.930350506532768,2833.28125,32.77545527236396,130.6890330435376,10.852425362300952,80.29226635428304,Europe,Central Europe
Iceland,IS,ISL,66.1152989012722,23.80232139934085,19.90298507462687,73.13413939787806,94.46671635385775,15.825367097771915,90.1717154357952,180.67752183379514,71.53291629540227,88.64450211374952,76.19767860065916,44.89597389693447,3235.4925373134324,101.79704043965296,79.67462051622812,6.109060531985644,68.8091299510147,Europe,Northern Europe
India,IN,IND,65.92381741440958,44.352620574843776,46.59648083623694,47.15199245172171,24.0208944096615,79.94260629149849,205.04893795606978,105.5726198397299,15.360419489600638,25.74376007111584,55.64737942515622,5.301529510572339,5993.121515679442,17.243842549369045,242.58995565785108,10.24396856549947,65.27392639884702,Asia,South Asia
Indonesia,ID,IDN,60.56194381562307,46.10908513695058,43.23247232472325,20.377335058242434,36.23226746320578,67.22802047092013,195.20438879538295,89.86639232737994,24.098873858572937,38.46508748980745,53.89091486304942,10.006289737286709,7111.313653136532,18.039911662284183,240.4379443302464,22.38441274482509,68.96333794128921,Asia,South East Asia
Iran,IR,IRN,52.28526225872434,49.09501394894306,47.118090452261306,17.91705217775443,38.06150636610652,75.52153926603314,214.80836483631336,62.26440760922942,28.301216918799238,30.900812254106157,50.90498605105694,16.96492432282173,7180.100502512562,25.70683983815612,235.74425651109672,34.68372000397311,63.382792559537876,Asia,Central Asia
Iraq,IQ,IRQ,44.303832203305426,47.645874044589995,35.88461538461539,38.62074715686262,34.742461122406034,73.73771747584324,159.5037623491586,95.091092203723,23.78250230601863,30.489857458639236,52.354125955410005,11.052828595705824,6972.384615384615,28.28325366745778,189.6976435384008,9.340111503219218,46.97802332084143,Asia,Middle East
Ireland,IE,IRL,52.78455428883181,45.26079084626544,38.178461538461534,79.42720791479675,76.9807818488509,34.20490103593111,150.85872950755183,153.77572501813057,61.48876364712057,63.22524177798808,54.73920915373457,43.49523464522444,4308.443076923077,81.92389650383133,174.30724142741622,6.5983054760665745,89.13089204184517,Europe,Anglosphere
Isle Of Man,IM,IMN,75.46296296296296,17.90139585245863,5,127.13490090537056,77.25125464180233,19.136663286004058,35.29205882827328,-1,56.23409510095797,67.10484399485195,82.09860414754137,31.823274973376233,665,95.9040584808416,5.145624651624368,4.517796188464124,-1,Europe,Anglosphere
Israel,IL,ISR,74.00989305687969,31.892860067274636,35.953947368421055,71.41705933074245,85.43157613622884,58.112880221202566,150.53981974520818,145.26484524975996,60.992806866808245,73.87579627120138,68.10713993272536,32.6078864585136,5632.052631578947,93.03642374865248,168.36923366546006,13.032838290252757,94.00615219170889,Asia,Middle East
Italy,IT,ITA,66.923652795529,45.07199041235408,33.88562091503268,59.2758577673412,67.74024243300029,54.166764417329055,131.83809399027504,140.03733370138107,46.32826751133856,58.62104183502473,54.9280095876459,21.45888079077813,4228.679738562092,72.42466952070097,158.78815113534242,8.594043597040855,91.54673777545993,Europe,Western Europe
Ivory Coast,IC,CIV,38.492063492063494,57.20588235294117,42.5,6.465511682657707,48.449102547140534,95.82043343653251,212.6682884105467,24.047877411496312,35.21530863871755,39.783865836666806,42.79411764705883,19.844641538047032,11305,33.713460059385135,210.0576214488661,47.06496921516331,65.1238708369324,Africa,West Africa
Jamaica,JM,JAM,51.96380904714238,67.65114431242503,51.916666666666664,30.2769729885017,50.511813310022625,65.93816529077253,228.6028815077029,61.012597938013904,34.21885523317383,53.35570659620878,32.34885568757497,15.295057838608924,5285.166666666667,35.29998643249933,251.87480260926023,36.948627848966126,71.57632996135662,North America,The Caribbean
Japan,JP,JPN,80.21648322928718,22.497082066717702,40.653378378378385,82.95654150202296,78.62045652743123,38.89506544839995,137.27100585748988,166.65365334446346,54.3415662844962,82.49104633832206,77.5029179332823,26.142340719985153,1738.9459459459458,47.22396287144585,153.71787577852834,11.670374285138038,85.26641173390568,Asia,East Asia
Jersey,JE,JEY,56.94444444444444,22.478991596638657,28.75,76.39620606190748,93.39780972618402,40.4679802955665,42.807895152541626,161.6127577810244,80.4688107249822,77.32071375708924,77.52100840336135,65.4521540528627,0,96.01817576864036,35.881174741417745,11.237055311890838,94.33944957506971,Europe,Anglosphere
Jordan,JO,JOR,65.36984993782909,40.260364549856945,41.449999999999996,30.379547711366918,49.32752951629305,76.26370801924774,191.71369661939855,113.3654999600125,31.00402456800962,40.60913748707765,59.739635450143055,9.721805982280122,8112.225,41.31731463587167,218.01823490678714,7.986166324151426,89.04694339162533,Asia,Middle East
Kazakhstan,KZ,KAZ,59.618253535626145,53.550452866971014,34.732394366197184,34.09555920118191,29.221285941360893,73.11006157836346,133.90182467942725,95.46850981141341,20.181289587100842,25.527728163890874,46.449547133028986,9.681596489706628,4119.352112676056,27.692889310253634,148.27742998700992,9.473132455281808,39.77913130480345,Asia,Central Asia
Kenya,KE,KEN,62.55221386800334,57.198674936227974,53.98333333333332,29.339263072881188,34.47315415020968,69.34355439226547,256.1588780056457,89.03784400842785,22.5839709486565,31.61702698926877,42.801325063772026,8.775030114717293,7745.233333333334,29.279323333978972,281.58897723221435,25.714552226683004,99.78948381020689,Africa,East Africa
Kosovo (Disputed Territory),XK,XKX,65.68627450980392,37.822150608066906,24.571428571428573,42.426691802106156,27.993857576002895,69.50190289470649,91.72058863741442,128.26414359854678,18.981674045520144,25.778833163660515,62.17784939193308,8.51428473480787,2914.8571428571427,20.07217836988254,67.28569030938046,10.264590141544122,76.8429734774377,Europe,Balkan
Kuwait,KW,KWT,59.417753767100784,33.32386799708436,33.339285714285715,73.65473049542635,47.76347284472922,66.14660818450538,153.47824447834412,114.8197295495493,40.663332702701474,35.38823370413336,66.67613200291564,32.41672623093566,7734.392857142857,45.25982225940895,180.12211719058834,12.944476317013985,20.22262527414183,Asia,Middle East
Kyrgyzstan,KG,KGZ,56.71717171717172,57.4602432382392,39.900000000000006,21.273768945596697,24.95025510235676,69.59255934301306,160.59831537953676,-1,17.315371741357133,24.920079444573755,42.5397567617608,8.447676558369487,4554.400000000001,21.904844614621684,179.446045843142,15.491780981753191,-1,Asia,Central Asia
Laos,LA,LAO,33.73015873015873,34.914637791875634,21.5,12.651407670905082,59.726902722925544,78.18681479398907,99.49654261242952,-1,40.20819938039508,67.52135847306211,65.08536220812434,17.537792587689303,4180,24.922591206361577,75.80860765717469,22.063420010927114,-1,Asia,South East Asia
Latvia,LV,LVA,62.13089518610041,38.608710011071686,30.794642857142858,47.63901479906643,49.330648404901766,33.050761853074384,113.79114505635366,149.1334856176837,32.18504376262993,38.40216493776873,61.39128998892831,12.27092215700821,3562.5535714285716,46.21042649208336,122.90493139861279,8.00555579841321,74.69897979603168,Europe,Northern Europe
Lebanon,LB,LBN,62.7462762305128,47.115343739409994,38.534246575342465,34.850578439131205,68.72089321802821,89.14819349715671,184.3586790314532,99.75586788244686,48.80976466037137,64.29808389012803,52.88465626059001,25.683567382687773,9241.09589041096,54.80794855621869,214.41685026166647,11.733482289135775,94.7388653430257,Asia,Middle East
Lesotho,LS,LSO,55.55555555555556,62.198879551820724,80,-1,-1,66.32183908045977,427.4413375373224,-1,-1,-1,37.801120448179276,12.888278637984754,10640,59.96669463256785,148.025383650521,-1,-1,Africa,Southern Africa
Liberia,LR,LBR,38.888888888888886,80.74153780753493,30,115.25126267324492,83.92750533434692,90.38314176245211,142.78305437061996,-1,62.01085215419418,90.1346768355027,19.258462192465064,36.555296300436495,7980,50.3096251408899,168.77170275175502,5.5098994081301225,-1,Africa,West Africa
Libya,LY,LBY,47.66702977487291,61.971244603097524,25.727272727272727,33.96441298833039,49.246426540266505,56.94020585526052,111.5777271135351,-1,32.46702921232387,54.93679749026341,38.02875539690247,12.978246761696996,5104.909090909091,35.148467938408714,86.27235459031618,10.234134862743197,-1,Africa,Mahgreb
Liechtenstein,LI,LIE,100,3.235294117647059,0,125.24010744207597,99.45943297117141,6.4655172413793105,0,-1,76.1501610079233,91.77551976670475,96.76470588235294,49.07711890183127,0,119.89341763998272,0,3.7509499331614733,-1,Europe,Western Europe
Lithuania,LT,LTU,71.00644085812172,33.31135922723146,26.128787878787875,56.95701248083566,45.59941515654791,27.047576695088928,94.40528925301545,160.37098355100966,31.374732226034457,35.519437428575145,66.68864077276854,14.853176317690457,2917.1363636363635,47.03998379363746,81.36301789295787,11.090299019265265,67.76290230024722,Europe,Northern Europe
Luxembourg,LU,LUX,71.35861823361823,35.55004868499476,32.711111111111116,98.01423674302421,82.24186515789522,23.536693191865606,123.9254964869941,174.08835752570138,72.63061654336917,76.1345772882939,64.44995131500525,61.46743054410456,3977.2,91.43132220540426,123.26158398073922,13.155002854118411,82.62034079274714,Europe,Western Europe
Macao,MO,MAC,48.333333333333336,21.767374288425046,16.9,65.51640019813647,67.71051494268497,67.21491228070175,67.04349232576473,128.69642118124108,57.025232310319595,67.47861307307669,78.23262571157495,44.6145870066981,1629.4,51.642926161924876,32.11153690024345,23.16185189795966,81.69917947668505,Asia,East Asia
Madagascar,MG,MDG,37.301587301587304,61.09681372549019,23.5,16.814693891837322,29.709897947272644,87.27624102811508,99.99279348678029,-1,20.07679298342177,24.83862070091759,38.9031862745098,8.88822146947918,3640,15.313339038215515,127.97720648045475,21.27659574468085,-1,Africa,South East Africa
Malawi,MW,MWI,37.5,56.33814929480564,20.33666666666667,27.386212967726813,47.58647940457234,67.64367816091954,86.04596041838204,-1,31.40108829370772,43.177642668229105,43.661850705194354,12.60222680464452,3035.0600000000004,31.034318213715125,37.31127718375854,-1,-1,Africa,South East Africa
Malaysia,MY,MYS,70.03431080316871,56.9543436556132,37.30384615384615,54.581804592143236,37.056909019326326,62.23062448054391,170.34455734961853,117.18644616750171,24.629729672499945,38.82128575696847,43.0456563443868,10.195921947957656,7805.057692307692,21.140656407938796,189.88266883869667,9.59408954527941,57.76787504504384,Asia,South East Asia
Maldives,MV,MDV,44.217171717171716,55.13263446069779,21.75,26.330731919195333,58.6010213654078,76.70128415055146,65.36871147576831,85.48656882844458,45.86127729555473,58.519099614490145,44.867365539302206,31.06443472716476,980,33.01915021496134,58.52357504760767,16.657473467859557,58.08146892704392,Asia,South Asia
Mali,ML,MLI,18.51851851851852,50.07798573975045,-1,-1,-1,85.51724137931035,-1,-1,-1,-1,49.92201426024955,27.07471756271542,-1,41.6512160304443,-1,-1,-1,Africa,West Africa
Malta,MT,MLT,52.3877311190744,40.98076679534921,29.605263157894736,40.464482735171075,71.10438402078147,81.02111122298768,101.57262563529798,109.2396133833347,52.896564021461714,62.63681184920144,59.01923320465078,31.748710142586745,2668.2105263157896,74.91776009834493,113.68847426366342,13.96444798046287,97.44211004837392,Europe,Anglosphere
Marshall Islands,MH,MHL,-1,24.264705882352942,-1,-1,-1,79.91379310344827,-1,-1,-1,-1,75.73529411764706,-1,-1,56.72731671035957,-1,-1,-1,Oceania,Pacific
Martinique,MQ,MTQ,-1,69.48529411764706,-1,-1,-1,67.24137931034483,-1,-1,-1,-1,30.514705882352942,19.907164248396953,-1,70.931380098138,-1,-1,-1,North America,The Caribbean
Mauritania,MR,MRT,46.75925925925926,46.524064171123,-1,-1,-1,69.39655172413794,-1,-1,-1,-1,53.475935828877006,7.452861266229377,-1,35.28427221995787,-1,-1,-1,Africa,Mahgreb
Mauritius,MU,MUS,63.435154217762914,49.373167970591275,55.400000000000006,27.683641795565663,45.386336647783644,55.24098378716969,262.0364753603962,-1,29.863642897883548,46.59281125282722,50.626832029408725,11.834485138103563,7578,34.83000982908205,246.49099575315796,7.218376375193564,-1,Africa,East Africa
Mayotte,YT,MYT,-1,-1,-1,41.896026160944025,80.08206232052125,-1,-1,-1,63.212232245946595,73.50745315703861,-1,43.61841478773998,-1,84.54291822151015,-1,8.971828458639871,-1,Africa,East Africa
Mexico,MX,MEX,72.99222487625242,53.950021253629714,39.208217391304345,35.68135231453125,35.09864904076741,58.88559015311751,176.00925361094892,124.04588479230395,24.737461931554243,34.404871793750566,46.04997874637028,12.703244161084786,7044.967217391305,33.19712051365746,239.8263445139633,8.683525603394518,85.81807154402128,North America,Central America
Micronesia,FM,FSM,44.44444444444444,37.72467320261438,15,-1,-1,66.0919540229885,88.33792637694663,-1,-1,-1,62.275326797385624,30.21830700989906,3990,-1,39.67105490197499,-1,-1,Oceania,Pacific
Moldova,MD,MDA,49.24323361823362,46.906425501067815,27.551724137931036,25.45490835686514,31.171401788512348,64.82987742009394,104.41357997643162,108.36610071034595,20.859031792394557,25.3681281141242,53.093574498932185,8.881513680344842,3760.8965517241377,28.049994267311906,84.39118268869154,13.584136709576853,76.91134172488971,Europe,Eastern Europe
Monaco,MC,MCO,75,20.81547748935292,18.333333333333336,48.82041491509189,113.92632360546482,85.254472583557,73.11371402257745,-1,199.78671948675753,85.31596408178603,79.18452251064707,299.51107452474514,2040.0000000000002,156.06003470647113,28.43318156467327,66.26065773447016,-1,Europe,Western Europe
Mongolia,MN,MNG,49.67506326201978,53.82920555516816,33.5,25.471484591444572,33.72995656752259,91.84159042722965,121.07829863167876,58.96007616890202,22.60438093054964,35.62329090335673,46.17079444483184,9.682348095324695,3425,23.852944337274295,96.64344645367616,11.651847164482353,-3.5441112665358574,Asia,East Asia
Montenegro,ME,MNE,41.96857689801238,41.01968869692226,14.466666666666667,35.89719013593946,38.53897698333228,46.96558913534066,60.974521097093195,133.41477282386137,26.14664635331377,30.709531038844595,58.980311303077734,11.753314400771998,1365.4666666666667,32.56136191983698,33.08695206174888,14.291189045375125,88.40136957803166,Europe,Eastern Europe
Montserrat,MS,MSR,-1,-1,-1,-1,-1,-1,-1,-1,-1,-1,-1,11.01757522814784,-1,-1,-1,-1,-1,North America,The Caribbean
Morocco,MA,MAR,46.25799089194092,48.85911156347091,36.2962962962963,32.48231691282433,34.378497686540214,69.47364841369699,134.69666176751957,106.43742519825294,22.928239410086565,30.994122219160143,51.140888436529096,9.629097123153414,3419.8518518518517,25.180829512285396,150.64061210426942,12.741371195702714,90.0419777391555,Africa,Mahgreb
Mozambique,MZ,MOZ,43.65079365079365,63.585190000088446,24.166666666666664,-1,-1,71.6587784539103,108.46571740020715,-1,-1,40.3178313292747,36.41480999991156,21.686588992741505,4655,41.473518566001786,124.44584776537911,25.685213888946297,-1,Africa,South East Africa
Myanmar,MM,MMR,47.47354497354498,46.508045636675966,52.77777777777778,12.3137914920286,35.93225865946189,89.60655751733997,229.49974160220347,-1,29.655760142497233,37.62677042872212,53.491954363324034,22.365789486333963,4856.666666666666,19.83496703005215,227.49509568925484,11.939052136958404,-1,Asia,South East Asia
Namibia,NA,NAM,61.776253450335766,65.49046984434715,27.5,41.50442888832774,40.82162122960574,46.114835677664104,134.38123603576648,-1,28.19782605972336,37.07123213276551,34.509530155652854,13.535654769613176,7196.777777777778,44.25436927022762,248.28083348993403,4.117647058823529,-1,Africa,Southern Africa
Nauru,NR,NRU,-1,19.11764705882353,-1,-1,-1,-1,-1,-1,-1,-1,80.88235294117646,-1,-1,60.18183843333785,-1,-1,-1,Oceania,Pacific
Nepal,NP,NPL,57.9352047039502,36.35969230054735,35.470588235294116,21.819941766154784,27.382634860284334,83.9849497409508,101.13613470254111,95.4847958043774,16.59227694600695,25.882411107743163,63.64030769945263,4.0595897555346525,917.0588235294117,19.01163820640989,106.63616224891152,22.653129899303647,92.63771209066631,Asia,South Asia
Netherlands,NL,NLD,75.44343973988208,27.521535188925245,27.51443569553806,84.31624930678446,76.43880444957762,25.1332372642592,96.17143258540868,183.86116222127288,58.3951226048965,65.43217669507791,72.47846481107476,37.43791042340077,2462.540682414698,78.6647465623026,161.95774394640435,7.12390000800937,86.99563202193353,Europe,Western Europe
New Caledonia,NC,NCL,54.166666666666664,69.88795518207283,35,57.38803543344208,101.0111423639145,59.31034482758621,142.9107057293661,-1,69.39174236726984,107.716311978313,30.11204481792717,32.6667280112556,5600,98.80333523417272,89.51312971402773,8.516666666666667,-1,Oceania,Pacific
New Zealand,NZ,NZL,73.57270693348572,43.146442187203384,30.825367647058826,81.53829618053557,77.5514770499937,23.533757772003902,127.65116092974394,176.0036237482801,58.475169662913,74.41719916745382,56.853557812796616,36.318592918110085,5162.6691176470595,74.37707031393875,160.77370138410305,7.840494915588463,96.68982566517941,Oceania,Anglosphere
Nicaragua,NI,NIC,64.4345238095238,47.88760496325561,53.83333333333333,16.825180824246246,39.96613891520717,60.76693795959164,252.16506468640827,-1,25.465662246775377,37.66270205494547,52.112395036744395,8.623779925361404,7688.333333333333,29.253086265574762,194.37738725836533,14.285513877494228,-1,South America,Central America
Niger,NE,NER,-1,68.69747899159664,-1,11.69772713236743,48.75931647502561,89.08045977011493,-1,-1,30.96551282315836,47.0937005280285,31.30252100840336,10.298526902101418,-1,30.86407596741602,-1,-1,-1,Africa,West Africa
Nigeria,NG,NGA,48.343173250561634,63.61186043788607,61.974999999999994,9.024323400152861,30.16063236267813,88.00486463996832,307.36432025514955,53.02930106248475,32.609826692355135,32.56049542976916,36.38813956211393,35.45449474195763,7925.7,20.74602423402589,437.8194539650836,15.689317217632343,60.753068505063055,Africa,West Africa
Niue,NU,NIU,-1,-1,-1,-1,-1,46.55172413793103,-1,-1,-1,-1,-1,-1,-1,-1,-1,-1,-1,Oceania,Pacific
Norfolk Island,NF,NFK,-1,-1,-1,-1,-1,-1,-1,-1,-1,-1,-1,16.806393920780792,-1,-1,-1,-1,-1,Oceania,Anglosphere
North Korea,KP,PRK,37.03703703703704,57.12599954086022,10.5,-1,-1,64.9425287356322,13.74037034920393,-1,-1,-1,42.87400045913977,-1,0,-1,0,-1,-1,Asia,East Asia
North Macedonia,MK,MKD,55.880559592346785,40.2291710158788,26.322580645161292,33.418817370709206,31.876273827439373,79.63495205624761,91.14377484614874,109.21341617587328,20.04314061638289,27.03887222500367,59.770828984121195,6.299300217805007,2455.548387096774,21.57379825807297,98.66119481202072,12.385042567718841,76.29653762739629,Europe,Balkan
Northern Mariana Islands,MP,MNP,44.44444444444444,33.24579831932773,-1,-1,-1,33.497536945812804,-1,-1,-1,-1,66.75420168067227,23.410886199976744,-1,53.00251721819102,-1,-1,-1,Oceania,Pacific
Norway,NO,NOR,77.00851532688593,33.46985279734567,26.90532544378698,79.37965097172336,105.65084595684804,17.912787143427796,93.8029042809063,174.70289244776873,74.14538354661939,101.46087025629424,66.53014720265433,37.55270438663233,2513.5147928994083,110.44234291592234,122.02611372078724,8.049525091485686,68.67504849504108,Europe,Northern Europe
Oman,OM,OMN,58.228538616135516,20.127459194281126,22.762711864406782,79.64077985802528,48.954589261520425,37.208261965003615,121.13745051403887,171.28438321163708,34.39408516650637,45.68652527441971,79.87254080571886,17.482482733286915,5915.118644067797,43.567783103007386,278.6863559566447,5.12347333290306,67.21854476112263,Asia,Middle East
Pakistan,PK,PAK,59.8663489110152,42.19992499572074,37.89341085271317,26.443190181163413,19.607906553349064,73.59930712837632,161.55535484377222,103.36405929652561,12.377333282357665,17.568724692699167,57.80007500427926,3.97923252119362,5899.503875968992,15.570399121238,195.34163291202907,13.539458718730735,70.3600971305629,Asia,South Asia
Palau,PW,PLW,-1,43.13725490196079,-1,-1,-1,14.367816091954023,-1,-1,-1,53.30474452637084,56.86274509803921,-1,-1,41.66257209758898,-1,25.492751102931173,-1,Oceania,Pacific
Palestine,PS,PSE,55.092592592592595,43.736658661002934,37.8,38.49133585685193,56.738665209676796,63.5632964060956,157.59375276449657,-1,35.33893856459962,50.08282262415389,56.26334133899708,10.48377786140358,5520.8,41.666723959724614,167.12740139477415,4.709502068817753,-1,Asia,Middle East
Panama,PA,PAN,61.12213797204876,45.662914779986096,37.120689655172406,30.90281048434819,51.878225975758916,58.72007921434149,168.66833784683956,111.9865639333115,38.614719093683966,52.62234146417657,54.33708522001391,23.209541237463238,7625.586206896551,43.70851588892123,193.50464802349737,11.709255834697732,67.83655403049971,North America,Central America
Papua New Guinea,PG,PNG,20.443672839506174,81.04100576271016,24,6.59631786264746,76.56381707404998,77.94293422174977,107.67613016813024,-1,61.04849724312776,55.7280736864584,18.958994237289843,43.02790407598241,4655,54.139015512513986,111.29385484169364,-1,-1,Oceania,Pacific
Paraguay,PY,PRY,64.72222222222223,49.217665173906965,46.61538461538461,25.454573107651974,29.383144126091747,66.54260171501551,218.0204485870421,105.41438622682104,20.443403527586852,24.443752135874462,50.782334826093035,10.060154577449437,7945.692307692308,23.276109186592834,279.80452436133805,16.186299131919117,92.23962303216727,South America,South America
Peru,PE,PER,56.4810758642318,66.92723534589925,48.763636363636365,27.902807648783106,31.72613491462093,82.61873450057189,214.83756632477937,81.18894296727677,22.124106067420517,30.142036948131313,33.07276465410074,10.971628560013091,5698.727272727273,21.174566931417633,259.6835864045766,19.031737305375913,97.69299764217367,South America,South America
Philippines,PH,PHL,67.53234558482599,42.416189365948966,43.406060606060606,19.66499498984989,37.45844001298434,73.53188678312436,191.3204628177777,79.45839168007727,24.679060853585355,37.61224752858151,57.58381063405103,9.836183280333504,6330.933333333333,21.014884508608166,241.59143992721636,30.290797873173872,61.645440498300864,Asia,South East Asia
Pitcairn,PN,PCN,-1,-1,-1,-1,-1,-1,-1,-1,-1,-1,-1,-1,-1,-1,-1,-1,-1,Oceania,Anglosphere
Poland,PL,POL,52.588472347717214,33.93310461959354,31.834370139968893,46.487897654103726,41.20021457785067,61.67718591114802,113.5305682124833,121.17119271172965,31.36731536077721,33.71605404402045,66.06689538040646,19.94668862698137,3181.7573872472785,34.350518077502045,111.05245095178425,15.673794583751029,76.00896621925185,Europe,Central Europe
Portugal,PT,PRT,71.73659535139662,30.239564666102115,29.48813559322034,43.76671174727835,49.37878239250766,30.571896251400403,111.33579129091142,160.9134247500639,36.54011116283555,39.766540286034655,69.76043533389787,21.62836757276462,3779.9728813559323,41.50953125756441,119.84666069374055,12.694157003755166,97.76775435258409,Europe,Western Europe
Puerto Rico,PR,PRI,57.31611378347148,62.66736481750208,34.15789473684211,66.24468452373566,67.51176452636956,50.02547394162714,160.0299006317589,130.5161791582806,45.20476210641209,69.944316363195,37.33263518249792,19.2958269526927,8407.052631578947,58.23463168171532,170.82560855883048,4.143127126637412,71.24732745878688,North America,The Caribbean
Qatar,QA,QAT,73.39424888483921,12.023468633345681,30.453703703703702,88.30121486081292,62.66884807008722,60.20162914419202,142.05363449157997,152.76647655444697,57.08497310195108,54.881720838087354,87.97653136665433,50.599464572733275,7691.888888888889,63.331225819949964,154.98463140114274,6.28106559983245,36.02774118303993,Asia,Middle East
Republic Of Congo,CG,COG,5.555555555555555,64.70588235294117,-1,15.518261716877197,75.98860233143273,-1,-1,-1,68.28140365166045,66.50088037358248,35.29411764705883,59.32971632712781,-1,78.27597155023837,-1,40.96254677477306,-1,Africa,Central Africa
Reunion,RE,REU,71.29629629629628,31.666666666666668,0,-1,-1,32.672413793103445,0,-1,-1,79.20386740417406,68.33333333333334,24.318231253341754,0,56.48993584733806,0,9.715909090909092,-1,Africa,South East Africa
Romania,RO,ROU,56.12146112041753,28.29308495684724,33.614184397163115,46.43391827218293,35.59064243378515,58.53821562318599,124.3745822390878,133.24597238211774,24.01697977090569,31.460154214781006,71.70691504315275,10.57450687480336,3567.7021276595747,30.819713593157523,131.85856656227875,10.111829469266285,77.6214782905546,Europe,Central Europe
Russia,RU,RUS,58.77552301965167,39.8136915627614,44.56711356466877,36.748142953836606,37.95575359149591,62.25470681934166,181.46246378651972,100.6591404077033,27.167910398686434,31.731783688870348,60.186308437238594,14.638143984130823,4331.416876971608,38.94168959619868,189.29416192188572,15.191345908017704,45.39040718625444,Europe,Eastern Europe
Rwanda,RW,RWA,68.01587301587301,24.997051249997764,16,23.61167013900137,33.01745362634821,45.909090909090914,86.97510490019191,0,24.906871566644035,28.261304199198996,75.00294875000223,15.486666167114779,3620,29.013227712782523,46.357974562329815,-1,99.74227607274946,Africa,East Africa
Saint Helena,SH,SHN,69.44444444444444,7.352941176470587,15,31.30166715383544,75.47619705953429,15.517241379310345,88.33792637694663,-1,48.85166786611344,68.79150484187834,92.6470588235294,17.92805081600309,3990,65.5541061905199,39.67105490197499,-1,-1,South America,The Caribbean
Saint Kitts And Nevis,KN,KNA,-1,20.220588235294116,15,-1,-1,-1,88.33792637694663,-1,-1,62.28408830130656,79.77941176470588,45.472609900911905,3990,80.65640121531438,39.67105490197499,-1,-1,North America,The Caribbean
Saint Lucia,LC,LCA,49.900793650793645,61.1764705882353,7,-1,-1,42.356321839080465,9.64575131106459,-1,-1,68.49085126269297,38.8235294117647,16.577559753133226,0,44.18752668542155,0,0.4090909090909091,-1,North America,The Caribbean
Saint Vincent And The Grenadines,VC,VCT,30.555555555555557,38.0514705882353,10,27.414224067693517,71.14797005375505,-1,69.51903482238676,-1,44.00714011764763,74.25114151697697,61.9485294117647,12.483854756652272,2660,57.98874756972974,22.86340525097774,-1,-1,North America,The Caribbean
Saint-Pierre And Miquelon,PM, SPM,-1,-1,-1,-1,-1,55.172413793103445,-1,-1,-1,-1,-1,-1,-1,-1,-1,-1,-1,North America,The Caribbean
Samoa,WS,WSM,55.55555555555556,41.013071895424844,-1,-1,-1,39.94252873563218,-1,-1,-1,-1,58.986928104575156,21.07685284311366,-1,39.83806890546088,-1,-1,-1,Oceania,Pacific
San Marino,SM,SMR,83.33333333333333,11.764705882352942,10,97.98596808705604,65.69412944748161,15.360501567398119,63.40131170208709,-1,42.92045319720871,58.04772454841971,88.23529411764706,16.469489949353143,2128,70.04361531195765,16.88210319127114,5.800376647834275,-1,Europe,Western Europe
Sao Tome And Principe,ST,STP,-1,21.470588235294116,-1,-1,-1,-1,-1,-1,-1,-1,78.52941176470588,9.650091767199111,-1,58.67865719399802,-1,-1,-1,Africa,Central Africa
Saudi Arabia,SA,SAU,60.93961926105616,24.847470690430793,28.32642487046632,87.22901407201326,49.42886122736414,63.881299367666365,131.4001182941509,146.27293999329015,32.19681749348035,41.88500833399502,75.1525293095692,12.182299394544177,6870.590673575129,33.94623312247157,163.79112148212198,2.6826448733886625,41.41649504524073,Asia,Middle East
Senegal,SN,SEN,50.64484126984127,49.36751793477571,25,22.863305015984764,50.15587128252906,95.14883583849102,85.81506117738788,0,38.02349162722179,42.62392254208789,50.63248206522428,23.932085178615672,2295,40.995258421498235,62.550745229903406,112.82661758377336,85.64085535370081,Africa,West Africa
Serbia,RS,SRB,51.693562874390295,38.70148090767825,30.800366300366296,37.01185789185195,36.35470415446332,62.3737306544426,110.1972189394285,117.44689470884467,23.823209947871085,28.204940378050004,61.29851909232173,9.268243544705758,3150.820512820513,29.92178755686089,121.62331427034356,15.810757626616741,83.23309545418465,Europe,Balkan
Seychelles,SC,SYC,58.333333333333336,34.31372549019608,29.333333333333336,18.393416499156913,70.77150334021283,43.36870026525199,138.05025884751223,-1,53.51520166710303,69.38469385642463,65.68627450980392,33.47250867659973,7359.333333333334,79.55481232816292,190.7359922594835,16.965711230265054,-1,Africa,South East Africa
Sierra Leone,SL,SLE,30.555555555555557,82.94117647058823,-1,-1,-1,103.44827586206897,-1,-1,-1,-1,17.058823529411764,13.906616301401463,-1,-1,-1,3.4842391090485294,-1,Africa,West Africa
Singapore,SG,SGP,71.01958835201198,27.873904665856465,41.22222222222222,88.02072836547327,83.59310404213436,33.31116122080099,147.62378634674252,149.79469865508665,75.59189456606042,75.35920591078657,72.12609533414354,66.29872224446436,2465.8436213991777,61.775366787221294,147.67235256681778,17.857707004358122,57.45328090371239,Asia,South East Asia
Sint Maarten,SX,SXM,56.01851851851852,29.01960784313726,0,-1,-1,83.47701149425286,0,-1,-1,74.63173573118425,70.98039215686273,44.5763513662509,0,100.3488574297557,0,12.395833333333334,-1,North America,The Caribbean
Slovakia,SK,SVK,60.19395763154585,30.360508425727275,27.913043478260867,52.07651125451276,45.67731518128878,39.50301895389795,100.0225640987394,149.44939416525867,32.42331709168807,40.420443628159596,69.63949157427271,17.02918342163665,2738.904347826087,37.1190337442264,168.41961035847407,11.461809878343038,78.12860978569958,Europe,Central Europe
Slovenia,SI,SVN,65.18544975834729,22.24350125840923,26.483050847457623,56.62674172224654,55.29651627542837,22.721785907467762,100.29853158053227,168.36901672225974,38.082657867008294,48.42960224856685,77.75649874159078,18.089261495201477,3195.64406779661,47.639114613023544,140.7325920495899,11.168781670287766,77.56112025729414,Europe,Balkan
Solomon Islands,SB,SLB,45.833333333333336,58.7433155080214,31.5,-1,-1,79.7313781834573,81.62340945110014,-1,-1,-1,41.25668449197861,38.72886674464009,699,58.62190102168915,95.48265734243844,22.14022140221402,-1,Oceania,Pacific
Somalia,SO,SOM,43.51485873225003,58.179747843302664,25,28.261214561626375,34.41393439802958,60.658784384897345,74.02080450830209,-1,20.910288978515624,39.15729819022832,41.820252156697336,5.226197188576495,1600,26.862012337688864,16.16686889398248,-1,-1,Africa,East Africa
South Africa,ZA,ZAF,63.856649385324594,76.3251874717825,39.18977272727274,74.41130593843617,43.36660400450157,56.61247660704609,190.37098093844924,133.93689527871373,31.28736402337127,35.640505470462806,23.674812528217508,17.25767776228392,9667.204545454546,42.68054787638012,241.59084837069392,3.2853935407947157,95.25269478403798,Africa,Southern Africa
South Korea,KR,KOR,82.74093459995166,26.603103817903936,40.23007246376812,75.33153108800997,73.15529920437734,62.38024200538174,146.00686336294115,125.22498745056927,49.20580159315154,90.59039376348238,73.39689618209606,21.38915599946759,2751.231884057971,42.28093086116039,152.04400307529116,28.483206477860993,68.39446115432169,Asia,East Asia
South Sudan,SS,SSD,29.166666666666668,80.16866404537706,0,-1,-1,50.86206896551724,-1,-1,-1,-1,19.831335954622944,49.367637093095176,0,37.38595045843249,0,-1,-1,Africa,East Africa
Spain,ES,ESP,78.35857459851485,33.34097996798555,29.32758620689655,64.65957109981872,54.92939311419456,39.754019864024585,107.24004623044223,166.15516901643807,39.85213170648755,46.10561419133483,66.65902003201445,22.340330669586876,3303.0603448275865,55.39557605742066,128.4030004943434,9.090514750910495,94.1049833886762,Europe,Western Europe
Sri Lanka,LK,LKA,71.95407503839591,41.517957066937136,56.60919540229885,19.142968639856775,30.595068675405244,60.180400690251204,271.30961789591805,68.69503753800372,20.369556669337797,36.58105513468394,58.48204293306287,8.492921588967107,7331.77011494253,16.31135576659246,382.467054506329,45.205336554094394,59.114720549369025,Asia,South Asia
Sudan,SD,SDN,46.77579365079365,43.014278325222705,42,5.759665673039966,43.38449919033236,68.83246517547788,164.72107011394797,-1,27.91911328246218,51.61224308051131,56.985721674777295,9.956516916050964,3369.3599999999997,18.79310655065448,295.93512690087067,38.43935011217694,-1,Africa,East Africa
Suriname,SR,SUR,43.36601307189543,53.48668581524424,33,15.38494387355305,47.984595367772634,49.75182863113896,139.89114892219857,103.9691517228563,30.3898626545341,45.420093340591414,46.513314184755764,9.954091844446385,6074.666666666666,61.796092456167294,123.61647944834765,9.736849301751658,64.24591933476181,South America,South America
Svalbard And Jan Mayen,SJ,SJM,-1,4.411764705882353,-1,-1,-1,-1,-1,-1,-1,-1,95.58823529411765,-1,-1,-1,-1,-1,-1,Europe,Northern Europe
Swaziland,SZ,SWZ,61.111111111111114,33.70681605975724,31,-1,-1,32.06896551724138,136.57127112062113,-1,-1,29.54711433938168,66.29318394024277,11.727236516928913,6251,-1,190.55554235182322,1.3723274060927388,-1,Africa,Southern Africa
Sweden,SE,SWE,68.72702445974895,48.83580822739369,29.467532467532468,93.04127248871785,75.5534571457455,18.433391862012876,99.53158636788888,173.02972392576044,53.36778067381579,69.13424446256447,51.16419177260631,27.59976208345778,2403.0216450216453,77.25779267978446,136.07139866951735,7.655237508627351,74.92075987514174,Europe,Northern Europe
Switzerland,CH,CHE,74.02418198661253,21.598842723914018,29.162162162162165,111.95537537221296,123.61072342848385,19.899723024335593,96.00220636145103,191.75758916167803,91.53859470221015,127.2946918490693,78.40115727608597,54.28774908131515,2226.5444015444014,122.8913895628492,117.84056365866844,8.363046352559849,80.21060811845375,Europe,Western Europe
Syria,SY,SYR,38.60055262772654,67.59191117920716,30.62857142857143,6.933479715229342,28.096272950102314,73.34714166088224,104.13099786050306,25.207300740638015,17.628493341479174,28.249268507872106,32.40808882079286,5.470471480119627,2631.428571428571,23.192300099681397,107.39879820456707,65.55807961478067,70.10919137317202,Asia,Middle East
Taiwan,TW,TWN,86.2654426683613,15.360898465668825,31.548672566371682,55.910132430441074,63.11303250540327,64.83468037903432,114.96493901185153,139.06101410444185,42.2429829360461,77.79102356167108,84.63910153433118,18.003026765887785,3368.8318584070794,29.14168959303068,128.6137261884272,22.019196037566385,81.59756736521217,Asia,East Asia
Tajikistan,TJ,TJK,35.18518518518519,46.69117647058823,27,14.618608184279214,26.17755762506689,60.29693486590038,79.69815251824683,-1,18.302230536302,26.325338412914306,53.30882352941176,9.155266949899689,1862,17.352194618435664,14.080151336393634,14.671191595337104,-1,Asia,Central Asia
Tanzania,TZ,TZA,36.61764705882353,56.274100986132055,29.4,14.414632554746138,33.099614254132995,63.81073390825438,124.96156492657741,67.31561532442953,23.859808318787923,29.76361946243714,43.72589901386794,13.128042198673635,5786,25.293594943342935,105.0281584454601,38.1708114708402,71.2830484214724,Africa,East Africa
Thailand,TH,THA,77.63951778267726,39.66537781878247,39.75773195876288,31.292295794420156,42.69778949614226,75.41147223429113,178.8374767757928,100.45927560647542,29.698850934729077,44.07307024897805,60.33462218121754,14.600961495602963,7162.556701030928,22.543755641875318,229.102971091335,22.007615632217064,69.44944340730348,Asia,South East Asia
Timor-Leste,TL,TLS,54.583333333333336,43.95007755749608,25,9.678486754690539,54.685083146446544,60.35166940339354,96.74132849998712,-1,47.72358462841655,55.9673753771709,56.04992244250392,39.63800637452328,3546.666666666667,38.73791471855293,51.65916930048232,63.23529411764706,-1,Oceania,South East Asia
Togo,TG,TGO,52.77777777777778,42.839635854341736,7,-1,-1,82.5,26.95525774136468,-1,-1,45.90952039264288,57.16036414565826,5.254148887876635,266,30.56536352036397,1,11.96808510638298,-1,Africa,West Africa
Tonga,TO,TON,66.66666666666666,66.02941176470588,-1,-1,-1,-1,-1,-1,-1,40.98155891530029,33.970588235294116,-1,-1,98.22936923144285,-1,-1,-1,Oceania,Pacific
Trinidad And Tobago,TT,TTO,53.41190936945654,71.19461924922122,49.27777777777778,37.99290337283582,53.74702338792582,66.65634787352853,256.43954876669636,91.05890106277215,36.406792903827196,52.23419354110999,28.80538075077878,16.266619038013975,12845.666666666666,53.990641766655436,294.84765293855224,7.971803710793227,67.55173733387862,South America,The Caribbean
Tunisia,TN,TUN,56.315012696554135,44.61646382468292,32.916666666666664,27.118841348254318,27.908232149874657,71.41910648519416,122.1188861239091,113.66431264017518,17.618860161264884,27.323064377052216,55.38353617531708,5.668053566700678,3760.777777777777,16.413474142406777,105.5217608733977,11.618640204731465,93.23861203332488,Africa,Mahgreb
Turkey,TR,TUR,70.83036679200379,39.587035672256846,44.18322580645162,32.55874417564686,29.38021692373198,65.5165525226439,191.60311011388407,125.02252823070788,19.16022155425512,24.554387779609517,60.41296432774314,7.289993886991825,5937.6947890818865,20.319906315816763,211.57572853729278,8.919477121028548,93.26164523449869,Asia,Balkan
Turkmenistan,TM,TKM,52.03703703703704,40.233307990064056,14.333333333333332,11.202681046912884,128.87573837936924,34.827586206896555,68.023506929794,-1,77.2290727090818,111.76942454614749,59.766692009935944,17.242971189671362,1997.3333333333333,117.61209587067174,27.172234343301,23.083485913130172,-1,Asia,Central Asia
Turks And Caicos Islands,TC,TCA,47.22222222222222,51.77510398098633,-1,-1,-1,41.37931034482759,-1,-1,-1,94.62046636290883,48.22489601901367,54.01660740231041,-1,102.57683934821948,-1,3.6102806340228066,-1,North America,The Caribbean
Tuvalu,TV,TUV,-1,21.176470588235293,-1,-1,-1,-1,-1,-1,-1,-1,78.82352941176471,3.425396573684996,-1,-1,-1,0.7129123328380386,-1,Oceania,Pacific
Uganda,UG,UGA,47.40711346266901,55.348632853108064,44.13333333333333,10.964002044801946,32.307473516308065,84.70662623642707,194.28395943172845,0,21.578459280957464,29.882974617226836,44.65136714689195,9.117020991143484,6279.599999999999,23.433001039865246,233.59337480442633,-1,98.40855068629337,Africa,East Africa
Ukraine,UA,UKR,53.895318778076366,47.10803530024271,37.73166368515206,34.26397794420946,32.330605768229354,63.28014562326179,143.00941461248289,110.07916651066786,22.733731313140147,27.55382975425874,52.89196469975729,11.587240482402764,3773.5563506261183,26.27902588049167,132.55504491405804,10.907007718589842,70.68638807611468,Europe,Eastern Europe
United Arab Emirates,AE,ARE,68.6570176593213,15.229694994411272,36.27830188679245,94.10608191506032,58.0817598920326,49.84579035019719,168.99221604649136,161.00903439204637,48.22117657208578,46.40736817881995,84.77030500558874,36.76839555719779,7987.367924528301,59.079953674230026,248.1213486439909,4.381342915396588,45.23351642288079,Asia,Middle East
United Kingdom,GB,GBR,74.86557568218043,46.209791094954745,34.4284935579782,84.57645146357187,69.50442804869657,40.07191006518926,132.68564740934963,160.12072398409728,52.436831930159414,56.58634703414528,53.790208905045255,32.61331495822308,4065.1377601585727,75.64942132571495,158.56755792795764,9.036105065886641,88.09263009943581,Europe,Anglosphere
United States,US,USA,69.0520635327725,47.96111475225973,32.8704974665392,102.05998245176917,69.7635847963549,39.792755252388496,151.40329159120552,166.33650347776867,57.15432213759926,69.21540903342054,52.03888524774027,42.509029936903005,7307.922332472912,70.51109960200745,242.3503171638888,3.9933108039499148,77.4169919355876,North America,Anglosphere
Uruguay,UY,URY,68.36457679246863,51.77784598614546,37.31481481481482,29.231268981444668,51.16518192309135,45.392758528021496,137.30721823785535,123.51798877753515,34.06629247044668,42.119591322695946,48.222154013854535,14.206429200210305,3235.8888888888887,48.98378756505872,147.78458490507936,18.274223452018973,98.0356845943772,South America,South America
Us Virgin Islands,VI,VIR,48.41269841269841,61.01244343891402,15,-1,-1,10.632183908045976,87.33581304644095,-1,-1,90.28956405464747,38.987556561085974,59.736489602107554,3990,92.85437022204363,28.051671938010344,8.10857490000484,-1,North America,The Caribbean
Uzbekistan,UZ,UZB,54.77296181630547,33.756449322664274,29.923076923076927,21.64960160784194,26.388012039163776,50.229158239795055,105.82911558881867,119.12857194402325,18.66732734405719,26.467826693117193,66.24355067733575,9.69997640456633,3014.6153846153843,21.63391391993113,114.51439558370791,16.73903623407843,69.7897578852791,Asia,Central Asia
Vanuatu,VU,VUT,40.50925925925927,43.53116246498599,15,21.27147922661769,74.86046525478375,40.14367816091954,88.33792637694663,-1,61.499205987081275,80.38821939451526,56.46883753501401,45.98049157526853,3990,69.50873832971592,39.67105490197499,6.880258722367485,-1,Oceania,Pacific
Vatican City,VA,VAT,100,52.27591036414566,-1,-1,-1,48.85057471264368,-1,-1,-1,-1,47.72408963585434,-1,-1,-1,-1,-1,-1,Europe,Western Europe
Venezuela,VE,VEN,39.49437620799452,83.57736336602596,34.699999999999996,14.036906827141374,44.54691808134265,75.13182953097413,152.019151524108,75.67984867590556,28.40895092871295,36.886372972279716,16.422636633974037,9.665170989178888,6464.9,46.62301498700804,201.6730858356705,15.359818236116537,99.92524062929321,South America,South America
Vietnam,VN,VNM,58.61449975066408,46.014390145333266,29.86184210526316,28.131069767976214,37.05183600198909,85.53893510795658,111.1448825865291,90.02753824513597,26.227340728862263,38.06693291485217,53.985609854666734,13.655003987988776,3622.815789473684,19.45249438082136,119.27376091495194,19.74782131089489,71.23916463812873,Asia,South East Asia
Western Sahara,EH,ESH,-1,38.23529411764706,-1,-1,-1,-1,-1,-1,-1,-1,61.76470588235294,-1,-1,-1,-1,-1,-1,Africa,Mahgreb
Yemen,YE,YEM,28.273809523809526,74.25811110352001,15,13.341306303132155,52.59722685527287,82.83699059561128,72.60231682561937,-1,31.44194497898869,66.02922777436513,25.74188889648,6.870699772105915,2394,24.57843642157899,23.04781687261499,20.195142607927686,-1,Asia,Middle East
Zambia,ZM,ZMB,51.52116402116402,45.00888972652357,32,39.54098344670008,32.75023344150466,82.63043723236422,122.14726679768977,-1,21.596912652166743,30.91663205741818,54.99111027347642,8.642654628639011,4395.333333333334,21.837957652856705,75.27200322130173,-1,-1,Africa,South East Africa
Zimbabwe,ZW,ZWE,45.23861529417084,59.30092442451328,29.416666666666668,18.411717927086883,45.06934474036454,75.97935131575913,126.36582536661999,85.46829919462472,28.40717304623653,39.01654623082742,40.69907557548672,9.0545447631521,5906.666666666667,37.46315316088997,116.95665868182553,22.727272727272727,96.7622085905806,Africa,South East Africa
