y,x,bar,pub,ice_cream,charging_station,cinema,theatre,supermarket,church,mosque,synagogue,hotel,museum
28.0,-12.0,0,0,0,0,1,0,0,0,4,0,15,0
28.0,-11.0,0,0,0,0,0,0,0,0,1,0,4,0
28.0,-10.0,0,2,0,0,0,0,0,0,1,0,1,3
28.0,-9.0,0,0,0,0,0,0,0,0,0,0,0,0
28.0,-8.0,0,0,0,0,0,0,0,0,0,0,0,0
28.0,-7.0,0,0,0,0,0,0,0,0,0,0,0,0
28.0,-6.0,0,0,0,0,0,0,0,0,0,0,0,0
28.0,-5.0,0,0,0,0,0,0,0,0,0,0,0,0
28.0,-4.0,0,0,0,0,0,0,0,0,0,0,0,0
28.0,-3.0,0,0,0,0,0,0,0,0,0,0,0,0
28.0,-2.0,0,0,0,0,0,0,0,0,0,0,0,0
28.0,-1.0,0,0,0,0,0,0,0,0,1,0,1,0
28.0,0.0,0,0,0,0,0,0,0,0,0,0,0,0
28.0,1.0,0,0,0,0,0,0,0,0,0,0,0,0
28.0,2.0,0,0,0,0,0,0,0,0,0,0,0,0
28.0,3.0,0,0,0,0,0,0,0,0,0,0,0,0
28.0,4.0,0,0,0,0,0,0,0,0,0,0,0,0
28.0,5.0,0,0,0,0,0,0,0,0,0,0,0,0
28.0,6.0,0,0,0,0,0,0,0,0,0,0,0,0
28.0,7.0,0,0,0,0,0,0,0,0,0,0,1,0
28.0,8.0,0,0,0,0,0,0,0,0,1,0,0,0
28.0,9.0,0,0,0,0,1,0,0,0,1,0,0,0
28.0,10.0,0,0,0,0,0,0,0,0,0,0,0,0
28.0,11.0,0,0,0,0,0,0,0,0,0,0,0,0
28.0,12.0,0,0,0,0,0,0,0,0,0,0,0,0
28.0,13.0,0,0,0,0,0,0,0,0,0,0,0,0
28.0,14.0,0,0,0,0,0,0,0,0,0,0,0,0
28.0,15.0,0,0,0,0,0,0,0,0,0,0,0,0
28.0,16.0,0,0,0,0,0,0,0,0,0,0,0,0
28.0,17.0,0,0,0,0,0,0,0,0,1,0,1,0
28.0,18.0,0,0,0,0,0,0,0,0,0,0,0,0
28.0,19.0,0,0,0,0,0,0,0,0,0,0,0,0
28.0,20.0,0,0,0,0,0,0,0,0,0,0,0,0
28.0,21.0,0,0,0,0,0,0,0,0,0,0,0,0
28.0,22.0,0,0,0,0,0,0,0,0,0,0,0,0
28.0,23.0,0,0,0,0,0,0,0,0,0,0,0,0
28.0,24.0,0,0,0,0,0,0,0,0,0,0,0,0
28.0,25.0,0,0,0,0,0,0,0,0,0,0,0,0
28.0,26.0,0,0,0,0,0,0,0,0,0,0,0,0
28.0,27.0,0,0,0,0,0,0,0,0,0,0,0,0
28.0,28.0,0,0,0,0,0,0,0,0,0,0,11,0
28.0,29.0,0,0,0,0,0,0,0,0,0,0,0,0
28.0,30.0,0,0,0,0,0,1,0,0,1,0,8,1
28.0,31.0,0,0,0,0,0,0,0,0,0,0,0,0
28.0,32.0,0,0,0,0,0,0,0,0,0,0,1,0
28.0,33.0,0,0,0,0,0,0,0,2,1,0,21,7
29.0,-12.0,0,0,0,0,0,0,0,0,0,0,0,0
29.0,-11.0,0,1,0,0,0,0,0,0,2,0,26,0
29.0,-10.0,0,0,0,0,0,0,0,1,4,0,21,0
29.0,-9.0,0,0,0,0,0,0,0,0,2,0,26,3
29.0,-8.0,0,0,0,0,0,0,0,0,0,0,7,0
29.0,-7.0,0,0,0,0,0,0,0,0,0,0,3,0
29.0,-6.0,0,0,0,0,0,0,0,0,0,0,15,1
29.0,-5.0,0,0,0,0,0,0,0,0,0,0,0,0
29.0,-4.0,0,0,0,0,0,0,0,0,2,0,0,0
29.0,-3.0,0,0,0,0,0,0,0,0,0,0,0,0
29.0,-2.0,0,0,0,0,0,0,0,0,0,0,0,0
29.0,-1.0,0,0,0,0,0,0,0,0,0,0,0,0
29.0,0.0,0,0,0,0,0,1,0,0,4,0,7,1
29.0,1.0,0,0,0,0,0,0,0,0,0,0,0,0
29.0,2.0,0,0,0,0,0,0,0,0,0,0,0,0
29.0,3.0,0,0,0,0,0,0,0,0,0,0,0,0
29.0,4.0,0,0,0,0,0,0,0,0,0,0,0,0
29.0,5.0,0,0,0,0,0,0,0,0,0,0,0,0
29.0,6.0,0,0,0,0,0,0,0,0,0,0,0,0
29.0,7.0,0,0,0,0,0,0,0,0,0,0,0,0
29.0,8.0,0,0,0,0,0,0,0,0,0,0,0,0
29.0,9.0,0,0,0,0,0,0,0,0,1,0,0,0
29.0,10.0,0,0,0,0,0,0,0,0,0,0,0,0
29.0,11.0,0,0,0,0,0,0,0,0,0,0,0,0
29.0,12.0,0,0,0,0,0,0,0,0,0,0,0,0
29.0,13.0,0,0,0,0,0,0,0,0,0,0,0,0
29.0,14.0,0,0,0,0,0,0,0,0,2,0,0,0
29.0,15.0,0,1,0,0,0,0,0,0,7,0,3,0
29.0,16.0,0,0,0,0,0,0,0,0,1,0,0,0
29.0,17.0,0,0,0,0,0,0,0,0,0,0,0,0
29.0,18.0,0,0,0,0,0,0,0,0,0,0,0,0
29.0,19.0,0,0,0,0,0,0,0,0,0,0,0,0
29.0,20.0,0,1,0,0,0,0,0,0,0,0,0,0
29.0,21.0,0,0,0,0,1,0,0,0,4,0,5,0
29.0,22.0,0,0,0,0,0,0,0,0,0,0,0,0
29.0,23.0,0,0,0,0,0,0,0,0,0,0,0,0
29.0,24.0,0,0,0,0,0,0,0,0,1,0,0,0
29.0,25.0,0,0,0,0,0,0,0,0,1,0,18,2
29.0,26.0,0,0,0,0,0,0,0,0,0,0,0,0
29.0,27.0,0,0,0,0,0,0,0,0,0,0,0,0
29.0,28.0,0,0,0,0,0,0,0,0,1,0,0,0
29.0,29.0,0,0,0,0,0,0,0,0,0,0,0,0
29.0,30.0,0,0,0,1,2,1,0,0,6,0,7,2
29.0,31.0,4,3,1,1,6,3,0,12,12,0,56,10
29.0,32.0,4,0,0,0,1,0,28,0,4,0,61,2
29.0,33.0,0,0,0,0,0,0,0,0,0,0,0,0
30.0,-12.0,0,0,0,0,0,0,0,0,0,0,0,0
30.0,-11.0,0,0,0,0,0,0,0,0,0,0,0,0
30.0,-10.0,25,1,3,1,2,3,2,0,31,0,143,2
30.0,-9.0,2,1,0,0,0,0,0,1,17,0,39,1
30.0,-8.0,0,0,0,0,0,0,0,0,10,0,22,0
30.0,-7.0,0,0,0,1,0,0,0,1,12,1,68,5
30.0,-6.0,0,0,0,0,0,0,0,0,6,0,34,1
30.0,-5.0,0,0,0,0,0,0,0,0,0,0,10,0
30.0,-4.0,0,0,0,0,0,0,0,0,0,0,0,0
30.0,-3.0,0,0,0,0,0,1,0,0,2,0,9,1
30.0,-2.0,0,0,0,0,0,0,0,0,0,0,0,0
30.0,-1.0,0,0,0,0,0,0,0,0,0,0,0,0
30.0,0.0,0,0,0,0,0,0,0,0,0,0,0,0
30.0,1.0,0,0,0,0,0,0,0,0,0,0,0,0
30.0,2.0,0,0,1,0,0,1,0,1,4,0,9,4
30.0,3.0,0,0,0,0,0,0,0,0,0,0,0,0
30.0,4.0,0,0,0,0,0,0,0,0,0,0,0,0
30.0,5.0,0,0,0,0,0,0,0,0,0,0,0,0
30.0,6.0,0,0,0,0,0,0,0,0,0,0,0,0
30.0,7.0,0,0,0,0,0,0,0,0,0,0,0,0
30.0,8.0,0,0,0,0,0,0,0,0,0,0,0,0
30.0,9.0,0,0,0,0,0,0,0,0,0,0,4,0
30.0,10.0,0,0,0,0,0,0,0,0,1,0,1,0
30.0,11.0,0,0,0,0,0,0,0,0,0,0,0,0
30.0,12.0,0,0,0,0,0,0,0,0,0,0,0,0
30.0,13.0,0,0,0,0,0,0,0,0,1,0,0,0
30.0,14.0,0,0,0,0,0,0,0,0,0,0,0,0
30.0,15.0,0,1,0,0,0,0,0,0,0,0,0,0
30.0,16.0,0,0,0,0,0,0,0,0,0,0,0,0
30.0,17.0,0,0,0,0,0,0,0,0,0,0,0,0
30.0,18.0,0,0,0,0,1,0,0,0,0,0,1,0
30.0,19.0,0,0,0,0,0,0,0,0,0,0,1,0
30.0,20.0,0,0,0,1,0,1,0,0,16,0,6,2
30.0,21.0,0,0,0,0,0,0,0,0,0,0,0,0
30.0,22.0,0,0,0,0,0,0,0,0,0,0,0,0
30.0,23.0,0,0,0,0,0,0,0,0,0,0,0,0
30.0,24.0,0,0,0,0,0,0,0,0,0,0,0,0
30.0,25.0,0,0,0,0,0,0,0,0,0,0,0,0
30.0,26.0,0,0,0,0,0,0,0,0,0,0,0,0
30.0,27.0,0,0,0,0,0,0,0,0,0,0,0,0
30.0,28.0,0,0,0,0,0,0,0,0,0,0,7,1
30.0,29.0,0,0,0,0,0,0,0,0,2,0,4,0
30.0,30.0,1,0,0,0,3,16,0,6,4,0,7,0
30.0,31.0,36,22,5,2,30,18,0,8,66,0,136,39
30.0,32.0,1,1,0,0,0,0,0,0,5,0,5,3
30.0,33.0,0,0,0,0,0,0,0,0,0,0,0,0
31.0,-12.0,0,0,0,0,0,0,0,0,0,0,0,0
31.0,-11.0,0,0,0,0,0,0,0,0,0,0,0,0
31.0,-10.0,8,1,1,0,0,0,1,2,8,0,90,2
31.0,-9.0,31,1,3,1,2,1,0,0,26,2,148,5
31.0,-8.0,17,1,0,0,5,3,0,0,41,0,325,26
31.0,-7.0,3,0,0,0,0,0,0,0,36,0,49,3
31.0,-6.0,0,0,0,0,0,0,0,0,5,0,108,5
31.0,-5.0,2,0,0,0,0,1,0,0,3,0,78,7
31.0,-4.0,0,0,0,0,0,0,0,0,0,0,43,0
31.0,-3.0,0,0,0,0,2,1,0,0,11,0,14,2
31.0,-2.0,0,0,0,0,0,0,0,0,0,0,0,0
31.0,-1.0,0,0,0,0,0,0,0,0,0,0,0,0
31.0,0.0,0,0,0,0,0,0,0,0,0,0,0,0
31.0,1.0,0,0,0,0,0,0,0,0,0,0,0,0
31.0,2.0,0,0,0,0,0,0,0,0,0,0,0,0
31.0,3.0,0,0,0,0,0,0,0,0,1,0,0,0
31.0,4.0,0,0,0,0,0,0,0,0,0,0,0,0
31.0,5.0,8,0,0,0,1,2,0,0,10,0,17,2
31.0,6.0,1,0,0,0,1,0,0,0,3,0,10,0
31.0,7.0,0,0,0,0,0,0,0,0,0,0,0,0
31.0,8.0,0,0,0,0,0,0,0,0,0,0,1,0
31.0,9.0,0,0,0,0,0,0,0,0,1,0,0,0
31.0,10.0,0,0,0,0,0,3,0,0,6,0,2,4
31.0,11.0,0,0,0,0,0,0,0,0,16,0,1,0
31.0,12.0,1,0,0,0,3,0,0,0,9,0,2,2
31.0,13.0,0,0,0,0,0,0,0,0,11,0,0,0
31.0,14.0,0,2,0,0,0,1,0,0,10,0,3,1
31.0,15.0,0,0,0,0,0,0,0,0,2,0,2,0
31.0,16.0,0,0,0,0,0,1,0,0,6,0,10,0
31.0,17.0,0,0,0,0,0,0,0,0,0,0,0,0
31.0,18.0,0,0,0,0,0,0,0,0,0,0,0,0
31.0,19.0,1,0,0,0,0,0,0,0,1,0,0,0
31.0,20.0,0,1,0,0,1,0,0,1,19,0,0,0
31.0,21.0,0,1,0,0,0,1,0,0,0,0,0,0
31.0,22.0,2,0,0,0,0,0,0,0,0,0,0,0
31.0,23.0,0,0,0,0,0,0,0,0,0,0,0,0
31.0,24.0,0,0,0,0,0,0,0,0,2,0,1,0
31.0,25.0,0,0,0,0,0,0,0,0,3,0,8,0
31.0,26.0,0,0,0,0,0,0,0,0,0,0,0,0
31.0,27.0,0,0,0,0,1,2,0,1,2,0,42,1
31.0,28.0,0,0,0,0,0,0,0,0,0,0,1,0
31.0,29.0,4,0,4,0,7,3,0,1,5,1,42,9
31.0,30.0,0,0,0,0,0,14,0,0,8,0,44,2
31.0,31.0,0,0,0,0,3,0,0,0,5,0,12,0
31.0,32.0,4,0,0,0,0,1,0,0,2,0,8,2
31.0,33.0,0,0,1,0,0,0,0,0,0,0,1,0
32.0,-12.0,0,0,0,0,0,0,0,0,0,0,0,0
32.0,-11.0,0,0,0,0,0,0,0,0,0,0,0,0
32.0,-10.0,0,0,0,0,0,0,0,0,3,0,21,1
32.0,-9.0,0,0,0,0,0,0,0,0,0,0,3,0
32.0,-8.0,2,1,0,0,0,0,0,0,2,0,6,0
32.0,-7.0,1,1,0,0,1,0,3,0,74,0,39,1
32.0,-6.0,0,0,0,0,0,0,0,0,0,0,19,0
32.0,-5.0,1,0,0,0,0,0,0,0,1,0,20,0
32.0,-4.0,0,0,0,0,0,0,0,0,1,0,1,0
32.0,-3.0,0,0,0,0,0,0,0,0,0,0,0,0
32.0,-2.0,2,0,0,0,0,0,0,0,5,0,10,1
32.0,-1.0,0,0,0,0,0,0,0,0,2,0,1,0
32.0,0.0,0,0,0,0,1,0,0,0,0,0,0,0
32.0,1.0,0,0,0,0,0,0,0,0,0,0,0,0
32.0,2.0,0,0,0,0,0,0,0,0,0,0,0,0
32.0,3.0,0,0,0,0,0,0,0,0,18,0,12,4
32.0,4.0,0,0,0,0,0,0,0,0,0,0,3,0
32.0,5.0,0,0,0,0,1,0,0,0,2,0,2,0
32.0,6.0,0,1,0,0,0,0,0,0,0,0,0,0
32.0,7.0,0,0,0,0,0,0,0,0,0,0,0,0
32.0,8.0,0,0,0,0,0,0,0,0,0,0,0,0
32.0,9.0,0,0,0,0,0,0,0,0,0,0,2,0
32.0,10.0,0,0,1,0,0,1,0,1,12,0,25,1
32.0,11.0,0,0,0,0,0,0,0,0,7,0,1,0
32.0,12.0,0,1,0,2,2,4,0,0,74,0,18,4
32.0,13.0,3,1,16,6,7,3,0,1,334,0,107,4
32.0,14.0,2,1,0,2,1,3,0,0,42,0,12,3
32.0,15.0,4,5,0,3,1,0,0,0,49,0,21,4
32.0,16.0,0,0,0,0,0,0,0,0,0,0,0,0
32.0,17.0,0,0,0,0,0,0,0,0,0,0,0,0
32.0,18.0,0,0,0,0,0,0,0,0,0,0,0,0
32.0,19.0,0,0,0,0,0,0,0,0,0,0,0,0
32.0,20.0,0,1,1,2,4,5,0,0,59,0,34,0
32.0,21.0,0,0,0,0,1,0,0,0,20,0,23,2
32.0,22.0,0,0,0,0,2,0,0,0,5,0,4,0
32.0,23.0,0,0,0,0,0,0,0,0,10,0,15,1
32.0,24.0,0,0,0,0,0,0,0,0,1,0,0,0
32.0,25.0,0,0,0,0,0,0,0,0,0,0,0,0
32.0,26.0,0,0,0,0,0,0,0,0,0,0,0,0
32.0,27.0,0,0,0,0,0,0,0,0,0,0,0,0
32.0,28.0,0,0,0,0,0,0,0,0,0,0,0,0
32.0,29.0,0,0,0,0,0,0,0,0,0,0,0,0
32.0,30.0,0,0,0,0,0,0,0,0,0,0,0,0
32.0,31.0,0,0,0,0,0,0,0,0,0,0,0,0
32.0,32.0,0,0,0,0,0,0,0,0,0,0,0,0
32.0,33.0,0,0,0,0,0,0,0,0,0,0,0,0
33.0,-12.0,0,0,0,0,0,0,0,0,0,0,0,0
33.0,-11.0,0,0,0,0,0,0,0,0,0,0,0,0
33.0,-10.0,0,0,0,0,0,0,0,0,0,0,0,0
33.0,-9.0,0,0,0,0,1,2,0,0,4,0,23,0
33.0,-8.0,37,3,8,1,9,15,2,0,62,0,140,5
33.0,-7.0,9,2,2,1,2,3,0,1,29,0,22,1
33.0,-6.0,4,2,1,0,6,3,1,0,38,0,59,6
33.0,-5.0,0,0,0,1,0,0,0,0,2,0,1,0
33.0,-4.0,0,0,0,0,0,0,0,0,3,0,3,0
33.0,-3.0,0,0,0,0,0,0,0,0,0,0,0,0
33.0,-2.0,0,0,0,0,0,0,0,0,0,0,0,0
33.0,-1.0,0,0,0,0,1,0,0,0,4,0,3,1
33.0,0.0,0,0,0,0,0,0,0,0,0,0,0,0
33.0,1.0,0,0,0,0,0,0,0,0,2,0,3,0
33.0,2.0,0,0,0,0,3,1,0,0,9,0,7,1
33.0,3.0,0,0,0,1,0,0,0,0,1,0,0,0
33.0,4.0,0,0,0,0,0,0,0,0,1,0,0,0
33.0,5.0,0,0,0,0,0,0,0,0,3,0,1,0
33.0,6.0,1,0,1,0,0,1,0,0,51,0,20,3
33.0,7.0,0,0,0,0,0,1,0,0,2,0,8,1
33.0,8.0,1,0,0,0,0,1,0,0,18,0,16,2
33.0,9.0,0,0,0,0,1,3,0,0,11,0,19,4
33.0,10.0,3,0,0,0,1,3,0,0,17,2,86,8
33.0,11.0,8,0,0,0,0,3,0,0,16,0,59,1
33.0,12.0,0,0,0,0,0,0,0,0,0,0,0,0
33.0,13.0,0,0,0,0,0,0,0,0,0,0,0,0
33.0,14.0,0,0,0,0,0,0,0,0,0,0,0,0
33.0,15.0,0,0,0,0,0,0,0,0,0,0,0,0
33.0,16.0,0,0,0,0,0,0,0,0,0,0,0,0
33.0,17.0,0,0,0,0,0,0,0,0,0,0,0,0
33.0,18.0,0,0,0,0,0,0,0,0,0,0,0,0
33.0,19.0,0,0,0,0,0,0,0,0,0,0,0,0
33.0,20.0,0,0,0,0,0,0,0,0,0,0,0,0
33.0,21.0,0,0,0,0,0,0,0,0,0,0,0,0
33.0,22.0,0,0,0,0,0,0,0,0,0,0,0,0
33.0,23.0,0,0,0,0,0,0,0,0,0,0,0,0
33.0,24.0,0,0,0,0,0,0,0,0,0,0,0,0
33.0,25.0,0,0,0,0,0,0,0,0,0,0,0,0
33.0,26.0,0,0,0,0,0,0,0,0,0,0,0,0
33.0,27.0,0,0,0,0,0,0,0,0,0,0,0,0
33.0,28.0,0,0,0,0,0,0,0,0,0,0,0,0
33.0,29.0,0,0,0,0,0,0,0,0,0,0,0,0
33.0,30.0,0,0,0,0,0,0,0,0,0,0,0,0
33.0,31.0,0,0,0,0,0,0,0,0,0,0,0,0
33.0,32.0,0,0,0,0,0,0,0,0,0,0,0,0
33.0,33.0,0,0,0,0,0,0,0,0,0,0,0,0
34.0,-12.0,0,0,0,0,0,0,0,0,0,0,0,0
34.0,-11.0,0,0,0,0,0,0,0,0,0,0,0,0
34.0,-10.0,0,0,0,0,0,0,0,0,0,0,0,0
34.0,-9.0,0,0,0,0,0,0,0,0,0,0,0,0
34.0,-8.0,0,0,0,0,0,0,0,0,0,0,0,0
34.0,-7.0,18,4,0,0,6,3,1,2,46,0,71,11
34.0,-6.0,62,0,0,0,2,0,1,0,12,0,34,5
34.0,-5.0,293,0,0,0,4,0,1,2,15,0,79,7
34.0,-4.0,2,0,0,0,0,0,0,0,3,0,7,0
34.0,-3.0,0,0,0,0,0,1,0,1,12,0,8,0
34.0,-2.0,2,0,7,0,9,4,0,5,40,1,59,10
34.0,-1.0,0,0,1,0,0,1,0,0,6,0,1,0
34.0,0.0,0,0,0,0,3,0,0,0,9,0,7,1
34.0,1.0,0,0,0,0,0,0,0,0,4,0,0,0
34.0,2.0,0,0,0,0,2,0,0,0,3,0,0,0
34.0,3.0,0,0,0,0,1,1,0,0,18,0,12,2
34.0,4.0,0,2,1,0,0,0,0,0,26,0,0,0
34.0,5.0,4,0,0,1,2,3,0,0,60,0,19,1
34.0,6.0,0,0,0,0,0,0,0,0,6,0,0,1
34.0,7.0,0,0,0,0,0,0,0,0,7,0,2,0
34.0,8.0,0,0,0,0,0,2,0,1,5,0,14,0
34.0,9.0,0,2,0,0,0,2,0,0,5,0,0,0
34.0,10.0,4,0,5,0,2,4,0,0,13,1,33,2
34.0,11.0,0,0,0,0,0,1,0,0,8,0,12,1
34.0,12.0,0,0,0,0,0,0,0,0,0,0,0,0
34.0,13.0,0,0,0,0,0,0,0,0,0,0,0,0
34.0,14.0,0,0,0,0,0,0,0,0,0,0,0,0
34.0,15.0,0,0,0,0,0,0,0,0,0,0,0,0
34.0,16.0,0,0,0,0,0,0,0,0,0,0,0,0
34.0,17.0,0,0,0,0,0,0,0,0,0,0,0,0
34.0,18.0,0,0,0,0,0,0,0,0,0,0,0,0
34.0,19.0,0,0,0,0,0,0,0,0,0,0,0,0
34.0,20.0,0,0,0,0,0,0,0,0,0,0,0,0
34.0,21.0,0,0,0,0,0,0,0,0,0,0,0,0
34.0,22.0,0,0,0,0,0,0,0,0,0,0,0,0
34.0,23.0,0,0,0,0,0,0,0,0,0,0,0,0
34.0,24.0,12,2,0,0,0,1,0,2,0,0,21,1
34.0,25.0,1,0,0,0,0,0,0,2,0,0,4,0
34.0,26.0,0,0,0,0,0,0,0,0,0,0,0,0
34.0,27.0,0,0,0,0,0,0,0,0,0,0,0,0
34.0,28.0,0,0,0,0,0,0,0,0,0,0,0,0
34.0,29.0,0,0,0,0,0,0,0,0,0,0,0,0
34.0,30.0,0,0,0,0,0,0,0,0,0,0,0,0
34.0,31.0,0,0,0,0,0,0,0,0,0,0,0,0
34.0,32.0,74,42,7,5,5,9,3,54,0,0,136,48
34.0,33.0,123,52,33,16,5,16,3,67,3,0,223,32
35.0,-12.0,0,0,0,0,0,0,0,0,0,0,0,0
35.0,-11.0,0,0,0,0,0,0,0,0,0,0,0,0
35.0,-10.0,0,0,0,0,0,0,0,0,0,0,0,0
35.0,-9.0,0,0,0,0,0,0,0,0,0,0,0,0
35.0,-8.0,0,0,0,0,0,0,0,0,0,0,0,0
35.0,-7.0,4,1,0,1,2,0,0,0,0,0,22,1
35.0,-6.0,34,6,6,1,7,6,0,8,48,0,212,19
35.0,-5.0,3,0,0,0,0,0,0,0,0,0,0,0
35.0,-4.0,3,4,0,0,1,0,1,1,7,0,10,0
35.0,-3.0,3,3,0,0,1,4,1,3,14,0,43,11
35.0,-2.0,4,0,0,0,4,0,0,0,13,0,27,2
35.0,-1.0,8,4,4,0,16,7,3,0,75,0,106,7
35.0,0.0,1,0,8,0,8,4,0,1,39,0,37,10
35.0,1.0,0,0,0,0,2,3,0,0,24,0,21,2
35.0,2.0,0,0,0,0,3,0,0,0,17,0,9,2
35.0,3.0,0,0,0,0,0,1,0,0,56,0,5,0
35.0,4.0,0,0,1,0,3,0,0,0,199,0,8,4
35.0,5.0,0,0,1,0,0,0,0,0,81,0,12,2
35.0,6.0,2,0,2,0,2,4,0,0,34,0,13,4
35.0,7.0,1,0,1,1,3,3,5,1,64,0,18,3
35.0,8.0,0,1,0,0,1,0,0,0,22,0,8,1
35.0,9.0,0,0,0,0,0,0,0,0,15,0,4,3
35.0,10.0,19,5,2,0,2,5,0,2,45,0,157,18
35.0,11.0,6,0,0,0,0,0,0,0,2,0,34,4
35.0,12.0,9,2,2,0,0,0,0,1,0,0,43,0
35.0,13.0,0,0,0,0,0,0,0,0,0,0,0,0
35.0,14.0,159,55,22,18,7,9,1,132,0,0,148,45
35.0,15.0,0,0,0,0,0,0,0,0,0,0,0,0
35.0,16.0,0,0,0,0,0,0,0,0,0,0,0,0
35.0,17.0,0,0,0,0,0,0,0,0,0,0,0,0
35.0,18.0,0,0,0,0,0,0,0,0,0,0,0,0
35.0,19.0,0,0,0,0,0,0,0,0,0,0,0,0
35.0,20.0,0,0,0,0,0,0,0,0,0,0,0,0
35.0,21.0,0,0,0,0,0,0,0,0,0,0,0,0
35.0,22.0,0,0,0,0,0,0,0,0,0,0,0,0
35.0,23.0,49,12,1,8,2,1,1,26,0,0,262,15
35.0,24.0,120,57,17,6,5,21,1,92,2,1,488,43
35.0,25.0,188,26,18,4,10,24,2,134,0,0,571,29
35.0,26.0,7,0,0,1,1,2,0,9,0,0,21,2
35.0,27.0,14,1,0,0,0,1,0,13,0,0,64,5
35.0,28.0,0,0,0,0,0,0,0,0,0,0,0,0
35.0,29.0,0,0,0,0,0,0,0,0,0,0,0,0
35.0,30.0,0,0,0,0,0,0,0,0,0,0,0,0
35.0,31.0,0,0,0,0,0,0,0,0,0,0,0,0
35.0,32.0,5,3,4,1,0,3,0,5,3,0,25,4
35.0,33.0,116,40,14,12,20,36,1,54,12,0,132,59
36.0,-12.0,0,0,0,0,0,0,0,0,0,0,0,0
36.0,-11.0,0,0,0,0,0,0,0,0,0,0,0,0
36.0,-10.0,0,0,0,0,0,0,0,0,0,0,0,0
36.0,-9.0,0,0,0,0,0,0,0,0,0,0,0,1
36.0,-8.0,4,0,1,0,0,0,0,1,0,0,0,0
36.0,-7.0,284,105,25,4,11,20,5,90,0,0,161,46
36.0,-6.0,255,139,18,9,8,30,4,78,0,0,281,49
36.0,-5.0,366,192,67,52,13,43,32,129,1,0,350,64
36.0,-4.0,128,87,23,6,4,8,3,36,0,0,121,16
36.0,-3.0,104,58,11,19,5,19,4,30,0,0,95,29
36.0,-2.0,5,1,2,0,0,0,0,0,0,0,11,0
36.0,-1.0,0,0,0,0,0,0,0,0,0,0,0,0
36.0,0.0,1,0,0,0,2,0,0,0,13,0,1,0
36.0,1.0,0,0,0,0,2,2,2,0,27,0,16,2
36.0,2.0,4,2,8,1,13,12,3,1,128,0,91,14
36.0,3.0,13,1,8,0,19,18,4,3,202,0,161,23
36.0,4.0,35,8,5,0,9,6,0,3,133,0,53,19
36.0,5.0,7,1,1,0,9,32,1,0,172,0,115,15
36.0,6.0,3,2,3,1,1,8,1,0,68,0,39,12
36.0,7.0,4,1,2,0,8,5,0,0,57,0,47,7
36.0,8.0,2,0,0,0,0,3,0,0,14,0,46,5
36.0,9.0,1,0,0,0,0,0,0,1,8,0,5,0
36.0,10.0,100,12,18,1,14,16,0,2,55,0,396,27
36.0,11.0,6,0,4,0,1,0,0,11,0,0,28,2
36.0,12.0,0,0,0,0,0,0,0,2,0,0,1,1
36.0,13.0,0,0,0,0,0,0,0,0,0,0,0,0
36.0,14.0,89,16,22,11,10,22,1,197,0,0,138,31
36.0,15.0,14,2,8,17,1,5,0,62,0,0,44,3
36.0,16.0,0,0,0,0,0,0,0,0,0,0,0,0
36.0,17.0,0,0,0,0,0,0,0,0,0,0,0,0
36.0,18.0,0,0,0,0,0,0,0,0,0,0,0,0
36.0,19.0,0,0,0,0,0,0,0,0,0,0,0,0
36.0,20.0,0,0,0,0,0,0,0,0,0,0,0,0
36.0,21.0,21,0,1,7,0,1,0,25,0,0,37,2
36.0,22.0,32,5,1,7,0,11,0,115,0,0,111,7
36.0,23.0,9,0,0,2,0,1,0,49,0,0,14,3
36.0,24.0,21,1,4,0,0,2,0,44,0,0,134,8
36.0,25.0,66,5,8,2,1,2,1,75,0,0,321,22
36.0,26.0,14,2,2,2,0,1,0,8,0,0,91,5
36.0,27.0,116,11,3,2,3,17,1,65,5,0,428,21
36.0,28.0,225,34,9,7,3,12,2,66,90,0,834,17
36.0,29.0,58,5,8,0,1,9,0,18,211,0,248,7
36.0,30.0,109,27,22,8,11,48,1,1,434,0,785,15
36.0,31.0,190,11,10,4,3,85,0,0,228,0,828,11
36.0,32.0,17,3,1,0,0,2,2,0,200,0,175,3
36.0,33.0,2,0,0,1,1,2,0,1,114,0,20,1
37.0,-12.0,0,0,0,0,0,0,0,0,0,0,0,0
37.0,-11.0,0,0,0,0,0,0,0,0,0,0,0,0
37.0,-10.0,0,0,0,0,0,0,0,0,0,0,0,0
37.0,-9.0,324,63,27,225,11,9,2,100,0,0,378,40
37.0,-8.0,160,85,33,88,9,17,6,91,0,0,139,47
37.0,-7.0,410,171,16,24,14,50,1,65,0,0,113,48
37.0,-6.0,674,161,42,5,10,51,3,147,0,0,216,67
37.0,-5.0,320,104,29,4,14,39,3,58,1,1,147,86
37.0,-4.0,385,428,35,14,9,63,3,129,1,0,244,78
37.0,-3.0,79,50,1,3,1,13,0,58,1,0,72,23
37.0,-2.0,174,75,15,16,17,25,4,57,0,0,95,57
37.0,-1.0,325,81,26,13,9,9,20,21,0,0,72,25
37.0,0.0,0,0,0,0,0,0,0,0,0,0,0,0
37.0,1.0,0,0,0,0,0,0,0,0,0,0,0,0
37.0,2.0,0,0,0,0,0,0,0,0,0,0,0,0
37.0,3.0,0,0,0,0,0,0,0,0,0,0,0,0
37.0,4.0,0,0,0,0,0,0,0,0,0,0,0,0
37.0,5.0,0,0,0,0,0,0,0,0,0,0,0,0
37.0,6.0,0,0,0,0,2,0,0,0,3,0,2,0
37.0,7.0,0,0,0,0,0,0,0,0,2,0,0,0
37.0,8.0,0,0,0,0,0,0,0,0,0,0,0,0
37.0,9.0,4,0,1,0,1,1,0,2,5,0,17,3
37.0,10.0,0,0,0,0,0,0,0,0,1,0,7,3
37.0,11.0,0,0,0,0,0,0,0,0,0,0,5,0
37.0,12.0,28,8,7,0,6,13,11,109,0,0,44,39
37.0,13.0,109,3,6,2,9,25,1,378,0,0,86,59
37.0,14.0,93,13,9,15,15,37,6,683,0,0,76,76
37.0,15.0,133,43,78,115,19,58,2,446,0,0,329,65
37.0,16.0,0,0,0,0,0,0,0,0,0,0,0,1
37.0,17.0,0,0,0,0,0,0,0,0,0,0,0,0
37.0,18.0,0,0,0,0,0,0,0,0,0,0,0,0
37.0,19.0,0,0,0,0,0,0,0,0,0,0,0,0
37.0,20.0,82,22,3,0,2,2,1,17,0,0,333,11
37.0,21.0,38,2,4,3,3,10,2,86,0,0,85,18
37.0,22.0,66,10,16,29,9,22,2,160,0,0,265,43
37.0,23.0,431,35,71,35,98,185,0,280,3,0,472,130
37.0,24.0,55,3,11,1,7,9,1,95,0,0,135,18
37.0,25.0,126,10,24,1,4,9,0,58,0,0,304,27
37.0,26.0,64,0,1,0,2,2,0,13,0,0,134,11
37.0,27.0,50,8,9,7,3,18,0,3,307,0,381,18
37.0,28.0,1,0,0,1,1,6,0,0,318,0,44,6
37.0,29.0,4,1,0,3,3,13,0,0,380,0,95,6
37.0,30.0,2,1,0,4,2,1,0,4,407,0,43,6
37.0,31.0,0,0,0,1,0,0,0,1,186,0,11,0
37.0,32.0,2,1,5,9,0,3,1,0,966,0,28,14
37.0,33.0,0,0,0,0,1,1,0,1,219,0,8,1
38.0,-12.0,0,0,0,0,0,0,0,0,0,0,0,0
38.0,-11.0,0,0,0,0,0,0,0,0,0,0,0,0
38.0,-10.0,467,117,79,871,29,111,7,272,2,0,427,185
38.0,-9.0,72,22,4,144,9,19,2,109,0,0,79,46
38.0,-8.0,83,32,3,85,11,12,2,220,0,0,97,62
38.0,-7.0,286,92,6,14,7,22,2,51,1,0,92,41
38.0,-6.0,89,17,0,0,2,11,0,28,0,0,23,22
38.0,-5.0,69,13,4,0,6,11,1,32,0,0,32,25
38.0,-4.0,145,51,6,11,6,24,1,69,0,0,91,47
38.0,-3.0,61,19,2,3,2,7,0,72,0,0,83,18
38.0,-2.0,261,81,14,4,5,36,3,94,0,0,63,51
38.0,-1.0,875,447,89,64,29,78,32,123,0,0,365,146
38.0,0.0,141,104,27,35,1,5,17,19,0,0,63,14
38.0,1.0,103,19,7,3,2,10,1,14,0,0,254,9
38.0,2.0,0,0,0,0,0,0,0,0,0,0,0,0
38.0,3.0,0,0,0,0,0,0,0,0,0,0,0,0
38.0,4.0,0,0,0,0,0,0,0,0,0,0,0,0
38.0,5.0,0,0,0,0,0,0,0,0,0,0,0,0
38.0,6.0,0,0,0,0,0,0,0,0,0,0,0,0
38.0,7.0,0,0,0,0,0,0,0,0,0,0,0,0
38.0,8.0,11,1,0,0,0,0,0,21,0,0,18,1
38.0,9.0,2,0,0,0,0,0,0,1,0,0,4,0
38.0,10.0,0,0,0,0,0,0,0,0,0,0,0,0
38.0,11.0,0,0,0,0,0,0,0,0,0,0,0,0
38.0,12.0,40,5,6,1,1,3,1,42,0,0,79,22
38.0,13.0,111,19,26,22,24,32,1,165,0,0,107,33
38.0,14.0,79,13,5,4,4,7,2,235,0,0,116,19
38.0,15.0,166,16,16,5,13,35,1,466,0,0,160,39
38.0,16.0,183,22,13,12,7,30,1,86,0,0,73,39
38.0,17.0,28,4,0,0,1,5,0,3,0,0,16,1
38.0,18.0,0,0,0,0,0,0,0,0,0,0,0,0
38.0,19.0,0,0,0,0,0,0,0,0,0,0,0,0
38.0,20.0,89,17,7,1,1,9,0,54,0,0,224,19
38.0,21.0,87,7,4,8,7,29,3,110,0,0,109,36
38.0,22.0,64,0,6,9,8,17,1,41,0,0,142,37
38.0,23.0,159,10,30,46,51,75,7,188,0,0,132,49
38.0,24.0,11,1,3,2,1,3,0,31,0,0,31,6
38.0,25.0,2,0,0,0,0,1,0,4,0,0,2,0
38.0,26.0,36,6,0,6,0,10,0,8,70,0,104,17
38.0,27.0,36,20,3,14,6,32,0,16,793,0,105,36
38.0,28.0,2,0,3,1,2,1,0,0,252,0,5,0
38.0,29.0,2,0,4,1,1,3,0,0,321,0,24,3
38.0,30.0,0,0,0,6,0,1,0,0,344,0,18,2
38.0,31.0,0,0,0,2,0,1,0,1,372,0,8,4
38.0,32.0,0,0,0,0,1,1,0,0,208,0,1,1
38.0,33.0,0,0,0,0,0,1,0,0,148,0,10,1
39.0,-12.0,0,0,0,0,0,0,0,0,0,0,0,0
39.0,-11.0,0,0,0,0,0,0,0,0,0,0,0,0
39.0,-10.0,108,11,10,93,4,8,3,103,0,0,88,27
39.0,-9.0,146,23,3,224,18,38,5,316,1,3,160,101
39.0,-8.0,95,23,5,54,5,14,2,149,0,1,47,50
39.0,-7.0,144,30,1,9,3,5,4,49,0,0,66,24
39.0,-6.0,93,23,1,5,1,3,1,56,0,0,51,15
39.0,-5.0,167,85,11,7,3,26,9,54,0,1,69,38
39.0,-4.0,94,28,0,6,5,31,2,82,0,0,49,31
39.0,-3.0,36,21,0,6,1,11,5,92,0,0,52,21
39.0,-2.0,58,29,2,7,4,20,0,98,0,0,35,23
39.0,-1.0,543,310,80,42,30,98,11,235,2,0,200,138
39.0,0.0,5,2,0,0,0,1,0,1,0,0,4,1
39.0,1.0,9,3,2,0,0,0,0,7,0,0,28,0
39.0,2.0,280,75,66,46,5,37,0,59,0,0,594,42
39.0,3.0,229,85,38,22,1,31,14,29,0,0,629,23
39.0,4.0,45,12,3,3,1,4,1,16,0,0,54,10
39.0,5.0,0,0,0,0,0,0,0,0,0,0,0,0
39.0,6.0,0,0,0,0,0,0,0,0,0,0,0,0
39.0,7.0,0,0,0,0,0,0,0,0,0,0,0,0
39.0,8.0,96,18,17,46,6,31,7,601,0,0,82,67
39.0,9.0,172,24,36,13,6,33,1,548,0,0,173,62
39.0,10.0,0,0,0,0,0,0,0,0,0,0,0,0
39.0,11.0,0,0,0,0,0,0,0,0,0,0,0,0
39.0,12.0,0,0,0,0,0,0,0,0,0,0,0,0
39.0,13.0,0,0,0,0,0,0,0,0,0,0,0,0
39.0,14.0,0,0,0,0,0,0,0,0,0,0,0,0
39.0,15.0,48,8,4,4,2,5,0,17,0,0,43,4
39.0,16.0,209,31,10,5,13,42,2,90,0,0,102,44
39.0,17.0,66,8,9,6,2,3,0,14,0,0,32,9
39.0,18.0,40,4,8,21,5,3,2,200,0,0,59,3
39.0,19.0,148,13,7,0,1,8,1,138,0,0,403,20
39.0,20.0,110,14,5,12,4,18,1,319,5,0,301,29
39.0,21.0,10,4,0,3,2,10,0,141,0,0,113,26
39.0,22.0,55,8,2,12,6,20,5,70,1,0,88,29
39.0,23.0,100,11,4,0,2,4,0,29,0,0,250,10
39.0,24.0,1,0,0,0,0,0,0,0,0,0,0,1
39.0,25.0,17,1,4,1,2,1,0,7,0,0,33,3
39.0,26.0,46,30,13,4,7,21,0,46,149,0,324,34
39.0,27.0,2,2,2,2,0,1,0,0,363,0,32,9
39.0,28.0,0,0,0,1,0,0,0,1,304,0,2,0
39.0,29.0,1,0,1,0,1,2,0,1,354,0,12,8
39.0,30.0,7,15,3,2,4,2,0,1,330,0,32,21
39.0,31.0,1,0,0,3,0,0,0,0,83,0,0,2
39.0,32.0,60,38,5,10,19,27,0,2,990,0,143,42
39.0,33.0,0,1,0,2,1,0,0,0,220,0,3,2
40.0,-12.0,0,0,0,0,0,0,0,0,0,0,0,0
40.0,-11.0,0,0,0,0,0,0,0,0,0,0,0,0
40.0,-10.0,0,0,0,0,0,0,0,0,0,0,0,0
40.0,-9.0,374,77,21,270,14,74,5,425,0,0,189,106
40.0,-8.0,125,24,3,135,10,24,6,364,0,2,126,67
40.0,-7.0,145,92,3,12,2,7,0,168,0,0,73,34
40.0,-6.0,493,250,14,12,9,13,0,247,0,0,168,51
40.0,-5.0,249,208,7,9,11,25,4,251,0,0,135,42
40.0,-4.0,2117,1138,89,137,72,222,38,616,2,1,652,162
40.0,-3.0,69,48,2,0,3,5,0,172,0,0,67,29
40.0,-2.0,98,27,0,1,1,4,0,152,0,0,57,25
40.0,-1.0,56,46,0,4,0,4,0,121,0,0,69,44
40.0,0.0,87,73,17,36,7,12,8,67,0,0,114,40
40.0,1.0,0,0,0,0,0,0,0,0,0,0,0,0
40.0,2.0,0,0,0,0,0,0,0,0,0,0,0,0
40.0,3.0,10,1,4,0,1,1,0,3,0,0,6,3
40.0,4.0,1,1,3,1,0,0,0,0,0,0,7,0
40.0,5.0,0,0,0,0,0,0,0,0,0,0,0,0
40.0,6.0,0,0,0,0,0,0,0,0,0,0,0,0
40.0,7.0,0,0,0,0,0,0,0,0,0,0,0,0
40.0,8.0,168,25,23,2,3,30,4,758,0,0,126,48
40.0,9.0,143,8,23,4,5,39,2,577,0,0,146,47
40.0,10.0,0,0,0,0,0,0,0,0,0,0,0,0
40.0,11.0,0,0,0,0,0,0,0,0,0,0,0,0
40.0,12.0,13,1,2,0,0,0,0,1,0,0,15,1
40.0,13.0,38,14,3,0,2,3,0,23,0,0,147,16
40.0,14.0,873,142,124,42,55,85,14,534,0,1,676,144
40.0,15.0,302,39,20,28,12,25,1,222,0,0,189,75
40.0,16.0,158,31,11,29,10,25,5,323,0,0,119,54
40.0,17.0,486,79,33,54,20,25,1,793,0,0,227,46
40.0,18.0,202,26,23,36,11,16,4,637,0,0,125,27
40.0,19.0,241,17,4,1,1,5,1,27,9,0,194,13
40.0,20.0,169,4,5,6,4,3,0,69,19,0,196,24
40.0,21.0,17,5,0,1,1,14,2,72,0,0,99,23
40.0,22.0,219,42,13,17,27,65,24,212,1,2,231,55
40.0,23.0,172,15,12,1,4,23,3,86,0,0,426,15
40.0,24.0,51,2,4,1,2,2,13,86,0,0,169,12
40.0,25.0,29,3,2,0,2,5,0,14,6,0,53,7
40.0,26.0,3,8,0,4,0,4,0,2,160,0,54,16
40.0,27.0,16,8,5,11,2,3,0,0,256,0,53,9
40.0,28.0,23,14,2,14,7,9,0,9,391,0,73,13
40.0,29.0,93,65,54,25,21,49,1,13,1821,0,248,52
40.0,30.0,1,0,3,4,2,1,2,1,624,0,41,3
40.0,31.0,0,0,0,8,3,2,0,0,318,0,35,2
40.0,32.0,0,0,0,3,0,0,1,0,365,0,15,0
40.0,33.0,0,0,0,3,0,0,1,0,145,0,9,2
41.0,-12.0,0,0,0,0,0,0,0,0,0,0,0,0
41.0,-11.0,0,0,0,0,0,0,0,0,0,0,0,0
41.0,-10.0,0,0,0,0,0,0,0,0,0,0,0,0
41.0,-9.0,476,147,56,657,30,72,14,1022,0,0,449,180
41.0,-8.0,116,37,3,102,6,20,0,424,0,0,120,54
41.0,-7.0,101,32,0,21,1,6,0,291,0,0,48,28
41.0,-6.0,113,116,4,9,3,8,0,239,0,0,64,32
41.0,-5.0,357,511,5,51,8,35,6,303,0,0,111,58
41.0,-4.0,178,121,0,21,3,8,0,405,1,0,109,48
41.0,-3.0,71,65,2,13,3,3,0,248,0,0,85,26
41.0,-2.0,71,40,0,4,2,10,0,172,0,1,49,31
41.0,-1.0,286,184,13,32,8,31,3,130,0,0,108,81
41.0,0.0,163,115,6,54,11,17,1,188,0,0,59,36
41.0,1.0,510,349,46,137,19,92,6,527,1,0,312,103
41.0,2.0,1710,740,158,242,59,191,11,412,1,1,867,200
41.0,3.0,91,21,13,7,3,3,2,32,0,0,94,16
41.0,4.0,0,0,0,0,0,0,0,0,0,0,0,0
41.0,5.0,0,0,0,0,0,0,0,0,0,0,0,0
41.0,6.0,0,0,0,0,0,0,0,0,0,0,0,0
41.0,7.0,0,0,0,0,0,0,0,0,0,0,0,0
41.0,8.0,40,10,6,4,5,3,0,63,0,0,77,11
41.0,9.0,109,13,22,15,3,9,4,155,0,0,178,13
41.0,10.0,0,0,0,0,0,0,0,0,0,0,0,0
41.0,11.0,0,0,0,0,0,0,0,0,0,0,0,0
41.0,12.0,630,252,340,178,79,150,36,797,0,8,860,216
41.0,13.0,298,59,47,27,13,18,10,363,0,0,168,71
41.0,14.0,374,45,17,54,15,52,2,461,0,0,122,96
41.0,15.0,175,21,11,18,9,23,1,556,0,0,95,37
41.0,16.0,264,96,53,27,22,37,4,553,0,2,113,52
41.0,17.0,5,0,0,0,1,1,0,23,0,0,6,3
41.0,18.0,0,0,0,0,0,0,0,0,0,0,0,0
41.0,19.0,519,28,18,13,5,14,2,23,20,0,552,25
41.0,20.0,102,17,8,0,0,5,1,35,27,0,181,11
41.0,21.0,52,24,2,7,7,13,0,56,8,0,108,23
41.0,22.0,23,5,0,7,6,13,0,24,2,0,48,15
41.0,23.0,38,11,4,6,2,11,0,55,4,0,237,32
41.0,24.0,15,3,2,1,3,4,1,38,4,0,191,18
41.0,25.0,4,0,0,0,3,10,1,14,2,0,97,25
41.0,26.0,12,12,2,6,8,4,0,19,140,1,50,23
41.0,27.0,6,24,15,15,2,2,3,3,353,0,61,12
41.0,28.0,127,64,22,30,14,35,5,35,1203,1,1280,101
41.0,29.0,45,11,15,14,6,19,1,14,564,0,84,38
41.0,30.0,0,0,0,0,0,0,0,0,126,0,11,0
41.0,31.0,0,0,0,3,2,4,0,0,173,0,14,4
41.0,32.0,1,1,3,0,4,1,0,1,318,0,48,6
41.0,33.0,0,0,0,0,1,1,0,0,211,0,20,6
42.0,-12.0,0,0,0,0,0,0,0,0,0,0,0,0
42.0,-11.0,0,0,0,0,0,0,0,0,0,0,0,0
42.0,-10.0,37,11,0,1,1,5,0,31,0,0,35,5
42.0,-9.0,542,340,27,21,23,50,10,854,0,0,412,82
42.0,-8.0,189,134,2,7,7,12,1,603,0,0,109,42
42.0,-7.0,185,174,1,8,4,6,8,400,0,0,131,34
42.0,-6.0,233,87,4,19,4,9,1,380,0,0,94,39
42.0,-5.0,338,73,3,21,3,7,0,422,0,0,75,55
42.0,-4.0,604,188,6,65,2,14,2,1037,1,0,148,59
42.0,-3.0,790,148,12,29,15,19,2,345,0,0,149,59
42.0,-2.0,352,150,5,12,12,14,4,290,0,0,154,41
42.0,-1.0,132,152,8,22,8,8,2,265,0,0,188,46
42.0,0.0,117,43,0,32,10,3,0,404,0,0,241,48
42.0,1.0,180,36,2,46,10,11,0,586,1,0,332,63
42.0,2.0,203,68,11,146,26,44,3,623,1,0,229,85
42.0,3.0,137,36,32,40,7,10,0,67,1,0,196,27
42.0,4.0,0,0,0,0,0,0,0,0,0,0,0,0
42.0,5.0,0,0,0,0,0,0,0,0,0,0,0,0
42.0,6.0,0,0,0,0,0,0,0,0,0,0,2,2
42.0,7.0,0,0,0,0,0,0,0,0,0,0,0,0
42.0,8.0,35,4,4,8,3,2,0,89,0,0,106,9
42.0,9.0,75,20,10,19,5,3,1,281,0,0,102,15
42.0,10.0,142,15,54,21,7,6,3,95,0,0,171,39
42.0,11.0,174,32,22,15,12,22,4,555,0,0,147,73
42.0,12.0,429,73,48,100,19,49,8,836,0,0,273,138
42.0,13.0,461,73,47,25,14,39,1,678,0,0,278,81
42.0,14.0,298,67,59,106,16,34,23,232,4,2,192,44
42.0,15.0,5,1,0,0,0,0,0,1,0,0,5,0
42.0,16.0,14,0,0,0,0,3,0,13,0,0,13,3
42.0,17.0,29,5,2,1,1,0,0,53,0,0,64,7
42.0,18.0,151,32,22,5,6,9,3,98,3,2,361,39
42.0,19.0,140,60,4,4,5,10,3,76,26,0,219,18
42.0,20.0,166,15,5,2,9,11,4,61,72,0,155,32
42.0,21.0,169,46,7,10,7,24,9,55,79,0,138,29
42.0,22.0,5,2,0,1,4,2,0,34,1,0,31,11
42.0,23.0,248,60,18,38,19,33,9,182,2,1,371,63
42.0,24.0,56,15,9,6,14,23,15,68,8,1,239,108
42.0,25.0,16,9,0,2,11,19,1,46,2,0,202,71
42.0,26.0,13,0,0,1,3,7,1,10,0,0,55,27
42.0,27.0,205,32,16,0,6,27,3,42,4,1,1072,39
42.0,28.0,1,0,0,0,0,0,0,0,0,0,0,0
42.0,29.0,0,0,0,0,0,0,0,0,0,0,0,0
42.0,30.0,0,0,0,0,0,0,0,0,0,0,0,0
42.0,31.0,0,0,0,0,0,0,0,0,0,0,0,0
42.0,32.0,0,0,0,0,0,0,0,0,0,0,0,0
42.0,33.0,0,0,0,0,0,0,0,0,1,0,0,0
43.0,-12.0,0,0,0,0,0,0,0,0,0,0,0,0
43.0,-11.0,0,0,0,0,0,0,0,0,0,0,0,0
43.0,-10.0,25,13,1,0,0,0,0,38,0,0,18,3
43.0,-9.0,321,634,20,17,8,18,0,466,0,0,122,59
43.0,-8.0,131,175,3,8,7,11,13,301,0,0,101,41
43.0,-7.0,84,27,2,11,1,5,0,136,0,0,105,28
43.0,-6.0,481,345,19,73,11,21,5,341,0,0,317,67
43.0,-5.0,155,260,15,32,3,6,4,161,0,0,277,46
43.0,-4.0,530,404,46,53,16,16,9,345,0,0,240,78
43.0,-3.0,1561,450,45,35,18,46,3,317,0,0,220,67
43.0,-2.0,925,153,59,147,28,37,3,289,1,1,401,73
43.0,-1.0,127,62,1,147,28,34,4,752,2,1,288,71
43.0,0.0,63,13,2,64,29,20,0,775,0,0,101,36
43.0,1.0,284,91,16,197,55,78,2,614,2,2,236,62
43.0,2.0,79,29,11,97,22,19,1,402,2,0,149,66
43.0,3.0,374,71,59,181,29,82,2,355,4,0,314,69
43.0,4.0,261,50,43,167,29,147,3,273,3,1,332,68
43.0,5.0,557,144,81,243,76,113,2,326,6,1,533,132
43.0,6.0,175,46,39,193,44,36,1,164,0,1,385,82
43.0,7.0,342,64,91,128,41,59,1,478,1,0,570,134
43.0,8.0,107,5,23,7,4,3,0,82,0,0,84,11
43.0,9.0,4,0,1,0,0,0,0,3,0,0,4,0
43.0,10.0,858,117,151,146,58,97,13,1850,0,0,557,244
43.0,11.0,823,136,136,162,61,91,17,2645,0,0,744,400
43.0,12.0,739,85,73,90,29,74,12,998,0,0,551,188
43.0,13.0,678,84,67,68,32,65,6,304,0,0,252,69
43.0,14.0,0,0,0,0,0,0,0,0,0,0,0,0
43.0,15.0,95,28,31,15,6,2,0,71,0,0,74,15
43.0,16.0,198,46,36,13,13,9,1,239,0,0,213,33
43.0,17.0,144,29,18,14,15,12,4,212,28,0,207,31
43.0,18.0,95,41,0,27,17,16,9,48,120,3,142,33
43.0,19.0,33,14,1,2,6,5,0,43,11,0,87,12
43.0,20.0,16,7,0,2,3,4,1,70,7,0,91,10
43.0,21.0,17,6,3,12,5,12,7,115,3,1,76,18
43.0,22.0,15,10,3,3,2,6,1,24,1,0,55,19
43.0,23.0,13,8,1,0,5,7,0,17,0,0,53,18
43.0,24.0,15,7,1,2,6,5,0,17,1,0,32,28
43.0,25.0,56,17,2,1,4,15,0,59,2,1,122,47
43.0,26.0,14,2,0,0,3,4,1,9,3,0,33,18
43.0,27.0,70,19,12,19,4,14,3,36,2,1,83,37
43.0,28.0,66,10,4,1,6,10,0,20,0,0,574,18
43.0,29.0,0,0,0,0,0,0,0,0,0,0,0,0
43.0,30.0,0,0,0,0,0,0,0,0,0,0,0,0
43.0,31.0,0,0,0,0,0,0,0,0,0,0,0,0
43.0,32.0,0,0,0,0,0,0,0,0,0,0,0,0
43.0,33.0,0,0,0,0,0,0,0,0,0,0,0,0
44.0,-12.0,0,0,0,0,0,0,0,0,0,0,0,0
44.0,-11.0,0,0,0,0,0,0,0,0,0,0,0,0
44.0,-10.0,0,0,0,0,0,0,0,0,0,0,0,0
44.0,-9.0,0,0,0,0,0,0,0,0,0,0,0,0
44.0,-8.0,0,0,0,0,0,0,0,0,0,0,0,0
44.0,-7.0,0,0,0,0,0,0,0,0,0,0,0,0
44.0,-6.0,0,0,0,0,0,0,0,0,0,0,0,0
44.0,-5.0,0,0,0,0,0,0,0,0,0,0,0,0
44.0,-4.0,0,0,0,0,0,0,0,0,0,0,0,0
44.0,-3.0,0,0,0,0,0,0,0,0,0,0,0,0
44.0,-2.0,76,7,17,46,9,13,0,40,0,0,78,16
44.0,-1.0,299,65,16,153,27,92,0,394,1,1,227,70
44.0,0.0,98,24,3,128,16,27,0,708,3,0,97,62
44.0,1.0,118,24,19,83,20,16,4,660,3,0,176,67
44.0,2.0,150,41,3,93,14,10,0,657,2,0,145,59
44.0,3.0,92,12,2,64,8,7,0,390,0,0,173,28
44.0,4.0,281,57,26,197,34,42,4,571,3,0,272,110
44.0,5.0,81,16,8,63,18,14,1,306,0,1,139,34
44.0,6.0,135,43,4,92,39,16,1,222,0,0,302,65
44.0,7.0,383,70,65,90,32,36,20,779,0,2,262,145
44.0,8.0,1220,159,192,168,49,68,14,1323,1,2,451,162
44.0,9.0,512,60,85,49,33,26,13,1849,0,0,376,100
44.0,10.0,688,122,142,86,42,72,9,2266,1,1,336,164
44.0,11.0,929,129,152,154,55,85,8,2255,0,0,311,179
44.0,12.0,324,64,132,69,27,28,0,1041,1,0,825,66
44.0,13.0,73,8,9,2,3,3,0,24,0,0,34,13
44.0,14.0,72,10,22,13,4,2,4,58,0,0,71,15
44.0,15.0,105,29,17,25,4,3,6,158,14,0,99,21
44.0,16.0,29,10,1,2,5,5,1,33,13,0,17,9
44.0,17.0,107,26,4,15,6,13,1,103,45,0,80,20
44.0,18.0,55,23,0,2,12,4,8,91,89,0,42,10
44.0,19.0,22,10,2,1,4,4,4,93,5,0,37,23
44.0,20.0,215,125,33,14,21,40,18,128,1,2,202,90
44.0,21.0,13,14,0,1,2,0,0,50,0,0,32,19
44.0,22.0,47,9,3,1,5,4,0,91,0,0,80,26
44.0,23.0,44,28,1,1,4,4,0,109,0,0,45,21
44.0,24.0,87,11,0,5,7,8,2,134,0,2,48,46
44.0,25.0,53,14,0,8,3,5,1,64,0,0,38,38
44.0,26.0,176,116,28,59,25,53,13,288,0,2,234,97
44.0,27.0,132,13,0,2,3,4,1,39,0,0,33,17
44.0,28.0,80,15,2,5,6,13,2,39,7,1,357,25
44.0,29.0,4,2,0,0,2,0,0,1,0,0,6,1
44.0,30.0,0,0,0,0,0,0,0,0,0,0,0,0
44.0,31.0,0,0,0,0,0,0,0,0,0,0,0,0
44.0,32.0,0,0,0,0,0,0,0,0,0,0,0,0
44.0,33.0,114,37,2,0,18,10,1,36,5,0,267,59
45.0,-12.0,0,0,0,0,0,0,0,0,0,0,0,0
45.0,-11.0,0,0,0,0,0,0,0,0,0,0,0,0
45.0,-10.0,0,0,0,0,0,0,0,0,0,0,0,0
45.0,-9.0,0,0,0,0,0,0,0,0,0,0,0,0
45.0,-8.0,0,0,0,0,0,0,0,0,0,0,0,0
45.0,-7.0,0,0,0,0,0,0,0,0,0,0,0,0
45.0,-6.0,0,0,0,0,0,0,0,0,0,0,0,0
45.0,-5.0,0,0,0,0,0,0,0,0,0,0,0,0
45.0,-4.0,0,0,0,0,0,0,0,0,0,0,0,0
45.0,-3.0,0,0,0,0,0,0,0,0,0,0,0,0
45.0,-2.0,91,16,26,12,11,9,0,47,0,0,94,24
45.0,-1.0,117,28,4,57,22,14,0,355,0,0,97,50
45.0,0.0,113,29,4,67,15,11,2,461,0,0,88,53
45.0,1.0,151,31,3,62,17,12,2,398,0,0,108,67
45.0,2.0,129,17,0,9,16,6,1,355,0,0,179,30
45.0,3.0,228,55,6,55,19,27,1,641,0,0,197,62
45.0,4.0,734,183,27,330,96,156,6,820,10,1,436,147
45.0,5.0,505,84,27,282,58,81,5,657,4,0,316,103
45.0,6.0,309,111,16,148,78,23,15,328,1,0,764,95
45.0,7.0,668,189,153,217,44,64,24,888,1,1,550,192
45.0,8.0,860,242,182,342,51,86,33,3002,2,2,424,246
45.0,9.0,2521,556,585,439,145,236,39,3116,0,1,1011,296
45.0,10.0,1016,243,263,146,48,104,31,2085,0,2,1155,184
45.0,11.0,1584,263,226,200,82,105,21,4106,0,0,459,181
45.0,12.0,1099,207,235,183,38,71,12,3063,0,4,1023,128
45.0,13.0,817,127,157,142,26,60,12,357,0,0,600,125
45.0,14.0,215,51,25,61,9,16,3,308,1,0,176,57
45.0,15.0,236,126,26,86,19,28,1,320,0,0,103,63
45.0,16.0,84,45,9,27,9,10,2,150,8,0,30,19
45.0,17.0,76,62,7,11,7,4,0,177,11,0,22,10
45.0,18.0,112,67,16,20,10,10,2,317,3,1,69,47
45.0,19.0,76,45,14,5,11,18,0,143,0,2,77,37
45.0,20.0,24,8,3,0,5,6,8,115,0,0,20,31
45.0,21.0,81,41,6,54,9,15,5,152,1,2,145,31
45.0,22.0,46,8,1,5,6,5,1,147,0,1,69,24
45.0,23.0,48,10,2,4,8,14,2,156,0,1,85,62
45.0,24.0,94,36,1,8,8,13,1,206,0,0,163,76
45.0,25.0,66,51,5,20,6,21,6,144,0,0,337,89
45.0,26.0,31,6,1,2,2,4,2,62,0,0,52,35
45.0,27.0,57,9,1,5,6,11,1,32,0,0,48,44
45.0,28.0,97,22,0,9,3,6,6,62,1,1,69,33
45.0,29.0,8,1,1,0,1,0,0,37,0,0,33,10
45.0,30.0,9,3,0,0,0,0,0,2,0,0,18,1
45.0,31.0,0,0,0,0,0,0,0,0,0,0,0,0
45.0,32.0,8,0,0,0,2,0,0,2,3,0,59,2
45.0,33.0,44,6,5,0,8,14,7,10,2,1,255,12
46.0,-12.0,0,0,0,0,0,0,0,0,0,0,0,0
46.0,-11.0,0,0,0,0,0,0,0,0,0,0,0,0
46.0,-10.0,0,0,0,0,0,0,0,0,0,0,0,0
46.0,-9.0,0,0,0,0,0,0,0,0,0,0,0,0
46.0,-8.0,0,0,0,0,0,0,0,0,0,0,0,0
46.0,-7.0,0,0,0,0,0,0,0,0,0,0,0,0
46.0,-6.0,0,0,0,0,0,0,0,0,0,0,0,0
46.0,-5.0,0,0,0,0,0,0,0,0,0,0,0,0
46.0,-4.0,0,0,0,0,0,0,0,0,0,0,0,0
46.0,-3.0,55,5,10,13,3,4,0,13,0,0,34,6
46.0,-2.0,287,47,29,101,26,39,0,196,1,0,197,53
46.0,-1.0,186,19,2,90,25,21,2,340,0,0,102,38
46.0,0.0,152,18,0,149,21,23,1,278,1,0,120,43
46.0,1.0,90,13,0,79,14,11,0,279,1,0,66,26
46.0,2.0,61,13,0,26,4,9,0,338,0,0,49,17
46.0,3.0,148,23,2,68,12,14,1,339,0,1,99,43
46.0,4.0,236,37,3,76,26,35,6,641,2,0,222,68
46.0,5.0,142,28,3,62,20,17,1,597,2,0,152,61
46.0,6.0,483,172,40,433,89,143,43,811,5,2,659,190
46.0,7.0,368,135,38,376,47,67,22,550,0,0,968,148
46.0,8.0,257,60,44,269,24,31,4,651,0,0,699,141
46.0,9.0,232,47,31,254,21,13,10,753,0,0,693,112
46.0,10.0,224,31,25,136,10,19,2,436,0,0,992,91
46.0,11.0,863,136,115,219,23,85,8,895,0,0,2375,179
46.0,12.0,322,35,43,106,7,16,11,964,0,0,563,101
46.0,13.0,549,128,57,179,14,30,18,464,0,0,449,131
46.0,14.0,370,171,28,173,16,33,41,724,1,0,378,119
46.0,15.0,224,128,39,148,15,21,15,292,1,1,239,91
46.0,16.0,177,279,29,67,11,14,0,406,0,2,109,79
46.0,17.0,39,368,68,67,17,29,3,563,0,1,214,189
46.0,18.0,40,458,37,49,11,25,1,494,1,2,118,153
46.0,19.0,36,333,15,32,5,6,1,177,1,2,64,81
46.0,20.0,32,373,25,43,9,18,2,247,0,7,72,106
46.0,21.0,55,244,14,14,7,9,1,158,0,0,94,55
46.0,22.0,44,14,0,0,2,6,1,158,0,0,61,26
46.0,23.0,174,54,7,26,8,17,4,506,0,1,148,88
46.0,24.0,59,37,5,3,7,13,3,513,0,2,101,42
46.0,25.0,53,28,3,3,2,8,2,237,0,0,121,62
46.0,26.0,162,16,2,6,6,7,2,144,0,2,63,70
46.0,27.0,22,0,0,0,1,2,0,116,0,0,4,17
46.0,28.0,113,11,2,16,4,4,2,17,0,1,26,13
46.0,29.0,240,3,2,4,8,4,0,19,0,1,23,27
46.0,30.0,139,32,1,87,18,21,24,64,1,0,244,49
46.0,31.0,38,14,0,1,7,5,3,13,0,4,102,10
46.0,32.0,57,19,5,3,10,6,11,41,1,1,79,9
46.0,33.0,37,5,0,0,6,2,1,28,1,0,15,8
47.0,-12.0,0,0,0,0,0,0,0,0,0,0,0,0
47.0,-11.0,0,0,0,0,0,0,0,0,0,0,0,0
47.0,-10.0,0,0,0,0,0,0,0,0,0,0,0,0
47.0,-9.0,0,0,0,0,0,0,0,0,0,0,0,0
47.0,-8.0,0,0,0,0,0,0,0,0,0,0,0,0
47.0,-7.0,0,0,0,0,0,0,0,0,0,0,0,0
47.0,-6.0,0,0,0,0,0,0,0,0,0,0,0,0
47.0,-5.0,72,29,1,29,4,6,1,40,0,0,55,12
47.0,-4.0,237,43,17,88,13,16,2,118,0,0,138,31
47.0,-3.0,336,82,27,137,33,30,1,220,0,0,198,51
47.0,-2.0,409,108,11,127,40,77,5,366,2,0,167,41
47.0,-1.0,260,39,5,161,23,51,3,500,2,0,140,59
47.0,0.0,320,72,8,172,21,42,2,436,2,1,239,61
47.0,1.0,203,39,5,191,12,20,0,369,1,1,179,50
47.0,2.0,171,25,1,59,11,16,2,299,1,0,103,31
47.0,3.0,96,22,2,72,8,8,0,424,2,0,124,37
47.0,4.0,53,8,2,22,6,6,0,538,0,0,116,35
47.0,5.0,131,52,3,70,21,29,0,691,1,1,164,35
47.0,6.0,210,44,2,169,34,47,6,548,4,1,196,77
47.0,7.0,367,211,53,572,73,87,13,1080,9,8,655,252
47.0,8.0,708,335,74,826,79,140,24,1186,5,1,983,416
47.0,9.0,370,266,86,868,45,54,29,942,6,0,975,270
47.0,10.0,157,157,28,279,15,31,17,518,2,0,1235,137
47.0,11.0,191,151,63,313,23,38,37,516,1,0,1044,130
47.0,12.0,217,147,54,381,19,35,29,419,1,0,1078,122
47.0,13.0,234,142,18,394,15,40,17,318,0,1,1020,158
47.0,14.0,35,58,12,103,5,7,15,221,0,0,147,65
47.0,15.0,148,144,40,254,13,41,25,352,2,1,244,123
47.0,16.0,102,365,46,210,16,33,10,748,2,4,295,161
47.0,17.0,42,508,53,52,6,27,5,622,0,3,138,99
47.0,18.0,83,713,87,138,17,46,13,596,4,4,178,227
47.0,19.0,285,1330,185,428,39,105,12,698,1,15,347,311
47.0,20.0,30,393,25,36,8,10,2,278,0,3,74,107
47.0,21.0,69,453,42,28,13,26,3,307,0,4,122,87
47.0,22.0,46,69,7,15,6,9,0,314,0,3,42,39
47.0,23.0,20,11,1,2,4,4,0,167,0,2,66,52
47.0,24.0,30,5,2,3,2,4,0,73,0,0,50,27
47.0,25.0,36,8,0,1,0,2,0,57,0,1,59,34
47.0,26.0,81,16,0,5,7,9,0,130,0,2,44,71
47.0,27.0,186,36,4,12,3,10,1,179,0,0,88,49
47.0,28.0,181,47,6,25,11,27,0,49,0,1,83,35
47.0,29.0,32,1,0,0,4,1,0,16,0,0,17,8
47.0,30.0,12,0,0,0,0,0,0,10,0,0,7,2
47.0,31.0,17,8,0,0,4,2,0,13,0,0,8,7
47.0,32.0,8,0,0,0,2,0,0,12,0,0,3,2
47.0,33.0,45,21,0,0,5,10,2,34,0,1,21,7
48.0,-12.0,0,0,0,0,0,0,0,0,0,0,0,0
48.0,-11.0,0,0,0,0,0,0,0,0,0,0,0,0
48.0,-10.0,0,0,0,0,0,0,0,0,0,0,0,0
48.0,-9.0,0,0,0,0,0,0,0,0,0,0,0,0
48.0,-8.0,0,0,0,0,0,0,0,0,0,0,0,0
48.0,-7.0,0,0,0,0,0,0,0,0,0,0,0,0
48.0,-6.0,0,4,0,0,0,0,0,1,0,0,5,2
48.0,-5.0,215,177,0,109,19,18,1,211,0,0,133,53
48.0,-4.0,231,52,4,86,19,13,1,277,0,0,122,38
48.0,-3.0,222,78,18,79,20,10,0,277,0,0,199,30
48.0,-2.0,407,90,5,159,32,38,1,567,1,0,254,45
48.0,-1.0,184,40,0,94,19,21,1,559,1,0,112,42
48.0,0.0,123,21,2,69,16,11,0,637,0,0,87,30
48.0,1.0,127,32,0,241,15,22,2,564,4,0,95,34
48.0,2.0,2171,619,108,1095,266,574,10,1191,32,19,2528,353
48.0,3.0,65,8,0,101,9,8,0,528,1,0,44,11
48.0,4.0,93,19,2,51,6,18,1,639,0,0,98,34
48.0,5.0,57,14,1,58,7,10,7,763,0,1,63,25
48.0,6.0,223,56,2,223,23,32,2,901,0,2,197,42
48.0,7.0,286,157,51,331,32,50,15,1348,15,14,728,192
48.0,8.0,176,456,98,610,36,51,29,1215,16,1,830,307
48.0,9.0,474,919,163,1296,63,130,77,1436,22,2,791,366
48.0,10.0,153,323,73,457,33,63,41,908,12,4,441,197
48.0,11.0,414,520,174,1119,70,110,46,1188,10,2,952,216
48.0,12.0,82,146,50,318,22,28,20,1058,2,0,227,74
48.0,13.0,79,126,27,247,14,24,18,500,0,0,387,118
48.0,14.0,206,259,75,295,31,43,41,469,1,1,333,146
48.0,15.0,67,100,18,261,12,34,14,549,0,1,167,146
48.0,16.0,492,503,168,891,46,111,18,867,3,4,630,337
48.0,17.0,229,949,123,173,50,74,1,577,0,5,258,143
48.0,18.0,112,811,70,69,32,36,10,651,0,6,181,73
48.0,19.0,51,449,30,37,15,21,1,450,0,4,126,88
48.0,20.0,30,473,33,39,12,24,6,689,0,1,82,110
48.0,21.0,122,569,55,78,21,55,1,968,0,5,123,127
48.0,22.0,79,168,10,33,6,11,1,776,0,9,184,30
48.0,23.0,32,5,0,7,3,0,0,206,0,2,188,28
48.0,24.0,67,56,0,7,5,7,0,285,1,0,473,52
48.0,25.0,78,31,1,9,20,9,0,303,0,2,80,40
48.0,26.0,43,2,1,2,7,1,1,189,0,1,41,19
48.0,27.0,15,4,0,3,1,0,0,57,0,0,16,6
48.0,28.0,25,0,0,3,5,2,2,30,0,3,14,12
48.0,29.0,17,1,0,0,3,1,0,16,0,0,8,8
48.0,30.0,29,8,0,2,9,0,3,30,0,0,28,18
48.0,31.0,14,1,0,0,0,19,0,12,0,0,2,8
48.0,32.0,34,11,0,2,2,3,0,45,1,0,22,23
48.0,33.0,13,2,0,2,2,3,0,33,0,0,8,10
49.0,-12.0,0,0,0,0,0,0,0,0,0,0,0,0
49.0,-11.0,0,0,0,0,0,0,0,0,0,0,0,0
49.0,-10.0,0,0,0,0,0,0,0,0,0,0,0,0
49.0,-9.0,0,0,0,0,0,0,0,0,0,0,0,0
49.0,-8.0,0,0,0,0,0,0,0,0,0,0,0,0
49.0,-7.0,2,9,0,0,0,0,0,6,0,0,8,2
49.0,-6.0,0,3,3,0,0,0,0,4,0,0,1,2
49.0,-5.0,0,0,0,0,0,0,0,0,0,0,0,0
49.0,-4.0,0,0,0,0,0,0,0,0,0,0,0,0
49.0,-3.0,46,106,5,6,3,3,3,55,0,0,124,28
49.0,-2.0,122,39,4,55,15,9,2,417,0,0,76,36
49.0,-1.0,194,25,16,168,20,20,1,380,1,0,170,48
49.0,0.0,236,43,14,111,26,19,0,696,2,0,177,56
49.0,1.0,302,52,5,131,20,59,2,918,2,0,165,56
49.0,2.0,329,78,3,212,31,48,2,1032,4,1,244,71
49.0,3.0,120,32,0,76,16,13,1,944,4,0,91,29
49.0,4.0,147,36,2,208,7,19,1,604,3,2,98,48
49.0,5.0,115,157,7,171,19,15,2,860,2,3,124,74
49.0,6.0,330,813,67,613,47,67,49,1132,10,9,559,166
49.0,7.0,126,600,67,298,25,33,80,759,2,3,545,169
49.0,8.0,415,1051,273,992,68,155,133,1377,26,11,967,379
49.0,9.0,171,356,60,465,28,57,60,977,7,6,486,216
49.0,10.0,112,225,61,387,20,40,41,793,3,5,467,164
49.0,11.0,186,470,103,498,29,58,40,827,6,4,536,203
49.0,12.0,74,211,46,263,24,30,12,504,5,2,386,114
49.0,13.0,74,296,29,114,28,29,18,289,0,3,271,105
49.0,14.0,60,354,23,73,32,20,7,305,0,6,154,90
49.0,15.0,74,384,24,52,29,16,3,246,0,4,145,93
49.0,16.0,226,758,23,167,32,46,17,331,0,4,244,120
49.0,17.0,158,636,25,98,49,32,7,348,0,2,247,109
49.0,18.0,232,896,67,164,61,46,32,583,0,1,444,159
49.0,19.0,122,279,73,33,26,43,32,561,0,2,370,96
49.0,20.0,65,179,65,41,24,24,15,682,0,6,393,85
49.0,21.0,50,155,46,9,11,11,3,871,2,11,106,79
49.0,22.0,50,39,19,3,10,6,4,606,0,3,89,50
49.0,23.0,147,20,4,50,6,4,1,586,0,1,216,71
49.0,24.0,137,62,4,25,17,16,4,615,0,2,139,80
49.0,25.0,86,20,4,4,8,6,2,653,0,3,39,19
49.0,26.0,28,12,0,8,6,5,0,181,0,2,39,10
49.0,27.0,17,4,0,4,4,0,1,105,0,0,23,9
49.0,28.0,45,42,0,37,9,8,0,70,0,3,56,24
49.0,29.0,11,1,0,0,3,1,0,21,0,0,7,7
49.0,30.0,56,5,4,2,6,4,7,25,0,0,24,14
49.0,31.0,47,3,2,2,7,0,2,47,0,0,27,36
49.0,32.0,42,10,0,1,9,6,4,53,0,0,18,19
49.0,33.0,25,14,1,9,4,1,2,41,0,0,37,14
50.0,-12.0,0,0,0,0,0,0,0,0,0,0,0,0
50.0,-11.0,0,0,0,0,0,0,0,0,0,0,0,0
50.0,-10.0,0,0,0,0,0,0,0,0,0,0,0,0
50.0,-9.0,0,0,0,0,0,0,0,0,0,0,0,0
50.0,-8.0,0,0,0,0,0,0,0,0,0,0,0,0
50.0,-7.0,0,0,0,0,0,0,0,0,0,0,0,0
50.0,-6.0,37,263,13,18,10,11,3,134,0,0,121,30
50.0,-5.0,41,478,19,82,6,13,5,399,2,0,126,39
50.0,-4.0,59,662,12,103,17,23,4,421,0,1,266,52
50.0,-3.0,27,388,14,10,7,14,3,344,0,0,78,45
50.0,-2.0,174,922,65,75,18,40,30,351,1,0,438,94
50.0,-1.0,118,614,33,86,10,36,2,287,0,0,144,34
50.0,0.0,47,292,4,20,8,16,6,200,1,0,96,21
50.0,1.0,115,45,19,88,14,14,16,380,3,0,169,33
50.0,2.0,168,183,9,189,18,14,13,967,15,0,107,88
50.0,3.0,657,889,42,540,44,104,29,1113,49,0,268,176
50.0,4.0,658,1237,114,535,43,148,39,1179,13,0,397,260
50.0,5.0,207,862,112,279,25,71,19,1183,15,2,417,167
50.0,6.0,259,785,196,672,47,99,65,1112,11,3,824,184
50.0,7.0,168,622,159,504,34,75,79,1127,17,6,990,235
50.0,8.0,519,905,179,757,62,126,62,1373,28,11,965,323
50.0,9.0,78,212,44,313,15,17,34,736,7,1,338,116
50.0,10.0,73,164,55,288,22,57,30,686,1,2,401,226
50.0,11.0,90,304,52,246,26,62,10,656,1,4,407,240
50.0,12.0,117,323,70,433,41,82,103,565,0,4,555,272
50.0,13.0,48,193,22,152,26,42,20,393,0,2,271,153
50.0,14.0,592,875,88,309,69,163,22,571,0,12,867,292
50.0,15.0,117,410,45,101,36,51,34,421,1,3,528,152
50.0,16.0,66,130,31,56,22,39,51,507,0,1,261,127
50.0,17.0,55,103,16,61,14,9,52,536,0,2,142,44
50.0,18.0,114,257,91,98,31,41,122,639,0,0,155,77
50.0,19.0,230,293,183,166,52,64,81,643,0,12,423,140
50.0,20.0,28,46,53,21,12,19,38,388,0,6,130,68
50.0,21.0,27,44,42,15,13,11,35,407,0,5,108,37
50.0,22.0,40,43,30,22,13,15,11,431,0,8,88,49
50.0,23.0,15,16,13,2,5,5,7,375,0,5,59,36
50.0,24.0,48,4,1,2,2,0,2,251,0,2,12,12
50.0,25.0,79,29,1,12,6,6,0,232,0,2,55,32
50.0,26.0,39,26,1,10,6,4,1,215,0,0,41,16
50.0,27.0,17,4,3,3,3,0,2,69,0,0,11,10
50.0,28.0,25,30,2,4,5,4,0,80,0,0,26,18
50.0,29.0,30,11,1,5,1,1,0,57,0,0,13,11
50.0,30.0,351,218,13,158,60,57,12,245,1,3,271,125
50.0,31.0,18,7,1,3,2,0,2,53,0,0,12,34
50.0,32.0,7,3,0,1,1,1,0,36,0,0,14,12
50.0,33.0,15,0,0,0,4,1,1,39,1,0,9,12
51.0,-12.0,0,0,0,0,0,0,0,0,0,0,0,0
51.0,-11.0,9,21,1,1,0,0,0,13,0,0,8,3
51.0,-10.0,12,115,3,10,1,0,0,61,0,0,38,7
51.0,-9.0,74,325,8,45,7,12,3,155,0,1,72,19
51.0,-8.0,0,19,1,4,1,0,0,13,0,0,6,1
51.0,-7.0,0,0,0,0,0,0,0,0,0,0,0,0
51.0,-6.0,4,29,1,4,0,1,0,17,0,0,12,2
51.0,-5.0,24,345,13,10,7,8,3,165,0,0,113,26
51.0,-4.0,163,1129,31,53,20,47,11,393,2,0,271,64
51.0,-3.0,258,1827,26,164,35,70,53,1181,7,0,405,113
51.0,-2.0,111,1329,10,121,22,48,16,883,1,0,300,88
51.0,-1.0,1231,5230,132,739,175,342,53,2051,37,16,1826,309
51.0,0.0,186,2042,29,298,39,58,17,967,15,6,344,105
51.0,1.0,93,514,21,60,14,21,7,244,0,2,134,46
51.0,2.0,105,117,33,45,7,19,0,115,6,0,111,43
51.0,3.0,185,784,72,445,14,55,24,417,5,1,375,130
51.0,4.0,346,1715,142,2096,34,152,36,923,35,32,326,302
51.0,5.0,234,881,168,889,47,114,19,740,20,3,302,211
51.0,6.0,235,1135,237,1132,58,129,43,1341,31,3,860,266
51.0,7.0,301,1000,274,1267,67,146,90,1603,57,3,799,315
51.0,8.0,64,398,97,717,23,42,51,719,7,2,539,165
51.0,9.0,112,305,88,308,26,51,31,863,3,1,434,179
51.0,10.0,53,161,45,186,14,24,56,618,1,0,465,187
51.0,11.0,87,194,52,183,17,41,47,791,1,1,318,172
51.0,12.0,128,266,84,344,22,62,93,728,5,1,331,201
51.0,13.0,109,231,72,324,25,72,34,537,1,2,322,201
51.0,14.0,44,103,30,125,15,37,32,403,0,1,217,160
51.0,15.0,21,27,25,34,11,20,60,301,0,0,99,33
51.0,16.0,50,41,46,39,16,18,93,389,0,1,122,19
51.0,17.0,81,133,63,35,15,35,111,421,0,3,181,57
51.0,18.0,21,22,13,7,10,14,141,279,0,1,66,21
51.0,19.0,88,101,54,37,23,28,86,354,0,3,136,53
51.0,20.0,30,13,43,7,7,10,47,246,0,4,93,22
51.0,21.0,54,31,41,18,12,12,45,296,0,3,96,53
51.0,22.0,35,48,39,26,14,15,19,253,0,5,121,42
51.0,23.0,52,9,26,0,4,5,2,134,0,0,65,22
51.0,24.0,28,1,3,0,2,0,1,87,0,0,18,6
51.0,25.0,7,6,0,0,1,0,0,43,0,0,4,2
51.0,26.0,7,1,0,1,4,1,0,63,0,0,6,4
51.0,27.0,3,0,0,1,0,0,0,17,0,0,5,2
51.0,28.0,10,1,0,0,1,0,1,23,0,0,3,4
51.0,29.0,4,1,0,0,4,0,0,14,0,0,3,8
51.0,30.0,10,3,0,0,3,4,0,15,0,0,16,10
51.0,31.0,27,9,1,3,5,6,0,64,0,0,15,15
51.0,32.0,8,0,0,0,4,0,0,37,0,0,7,16
51.0,33.0,5,3,0,0,3,0,1,37,0,0,10,21
52.0,-12.0,0,0,0,0,0,0,0,0,0,0,0,0
52.0,-11.0,8,60,1,2,1,1,0,8,0,0,14,6
52.0,-10.0,30,160,4,31,3,2,1,95,0,0,93,9
52.0,-9.0,28,426,1,55,9,11,4,242,0,0,70,11
52.0,-8.0,45,434,2,83,7,19,7,342,0,0,65,34
52.0,-7.0,19,309,7,94,6,7,4,259,0,0,68,14
52.0,-6.0,0,0,0,0,0,0,0,2,0,0,0,0
52.0,-5.0,19,168,10,13,6,6,1,72,0,0,91,18
52.0,-4.0,13,320,2,18,5,8,1,129,0,0,112,28
52.0,-3.0,111,1729,8,74,21,32,15,936,3,0,223,95
52.0,-2.0,481,2850,29,347,47,71,29,1443,21,3,623,134
52.0,-1.0,244,1353,17,156,17,35,8,906,6,0,264,62
52.0,0.0,50,773,14,128,14,16,7,848,1,0,162,86
52.0,1.0,81,768,21,101,13,31,5,846,0,1,168,82
52.0,2.0,0,0,0,0,0,0,0,0,0,0,0,0
52.0,3.0,0,0,0,0,0,0,0,0,0,0,0,0
52.0,4.0,383,1043,184,2008,55,207,5,475,46,4,785,300
52.0,5.0,143,398,92,860,29,108,7,515,35,1,253,181
52.0,6.0,96,238,75,353,22,84,2,351,10,5,245,190
52.0,7.0,38,265,62,232,19,28,31,375,1,0,283,116
52.0,8.0,94,383,105,351,32,58,43,487,7,3,375,155
52.0,9.0,148,335,109,477,30,58,65,535,16,8,502,158
52.0,10.0,75,267,57,265,18,28,32,545,7,0,298,114
52.0,11.0,56,97,28,101,12,21,36,466,1,1,174,72
52.0,12.0,17,60,22,88,12,18,16,482,0,1,137,70
52.0,13.0,909,1077,348,964,104,230,156,823,9,4,923,364
52.0,14.0,21,62,19,30,8,32,78,374,0,0,125,74
52.0,15.0,27,20,23,22,10,12,47,289,0,2,77,31
52.0,16.0,68,81,66,55,17,33,70,349,0,1,181,67
52.0,17.0,21,23,23,15,7,14,51,266,0,0,119,42
52.0,18.0,26,19,19,18,8,11,82,199,0,1,76,22
52.0,19.0,29,17,16,62,8,7,41,209,0,0,67,34
52.0,20.0,75,78,104,76,27,17,106,301,1,1,184,72
52.0,21.0,186,107,141,80,20,60,76,351,2,2,167,113
52.0,22.0,15,8,15,9,2,4,15,181,0,1,42,24
52.0,23.0,74,21,3,31,10,14,3,201,1,3,84,41
52.0,24.0,14,3,0,1,5,2,7,95,0,1,25,6
52.0,25.0,12,4,0,5,2,2,0,88,0,0,21,14
52.0,26.0,8,3,1,1,3,3,0,64,0,1,10,16
52.0,27.0,10,1,0,3,4,2,1,55,0,0,19,20
52.0,28.0,9,0,0,0,3,1,0,19,0,0,8,7
52.0,29.0,17,2,0,1,3,1,2,23,0,0,12,14
52.0,30.0,22,2,0,7,7,3,11,29,2,0,28,9
52.0,31.0,17,4,1,11,9,6,6,33,0,0,20,17
52.0,32.0,9,1,0,0,3,2,8,20,0,0,14,6
52.0,33.0,5,0,0,0,3,3,0,9,0,0,8,6
53.0,-12.0,0,0,0,0,0,0,0,0,0,0,0,0
53.0,-11.0,4,19,0,4,0,1,0,11,0,0,18,1
53.0,-10.0,43,228,4,38,7,12,1,115,0,0,108,14
53.0,-9.0,22,243,1,46,3,4,1,188,1,0,42,12
53.0,-8.0,40,371,5,56,7,5,3,305,0,0,56,17
53.0,-7.0,176,1016,36,251,27,45,10,590,2,2,301,59
53.0,-6.0,0,0,0,0,0,0,0,0,0,0,0,0
53.0,-5.0,9,134,5,8,1,4,0,109,0,0,63,16
53.0,-4.0,124,747,37,23,13,22,8,318,0,0,560,26
53.0,-3.0,690,3587,32,200,59,114,45,1438,30,2,599,134
53.0,-2.0,555,3622,37,226,47,73,85,1299,18,3,434,127
53.0,-1.0,78,1011,9,22,13,22,19,736,1,0,118,49
53.0,0.0,53,157,22,7,3,3,2,131,0,0,73,7
53.0,1.0,0,0,0,0,0,0,0,0,0,0,0,0
53.0,2.0,0,0,0,0,0,0,0,0,0,0,0,0
53.0,3.0,0,0,0,0,0,0,0,0,0,0,0,0
53.0,4.0,3,15,7,25,1,1,0,16,0,0,28,10
53.0,5.0,48,72,17,82,3,15,2,212,1,1,95,64
53.0,6.0,93,136,23,299,11,33,2,224,2,1,138,76
53.0,7.0,48,165,36,209,13,18,34,326,1,1,340,130
53.0,8.0,131,456,111,353,27,65,45,284,6,3,421,152
53.0,9.0,250,446,109,716,32,81,76,358,13,1,448,167
53.0,10.0,138,327,115,718,23,69,51,430,6,2,512,151
53.0,11.0,15,65,32,94,8,18,2,343,0,1,180,60
53.0,12.0,14,37,16,54,12,20,2,370,0,0,210,81
53.0,13.0,11,40,18,71,13,15,1,449,0,0,119,57
53.0,14.0,62,77,60,77,14,30,40,403,0,0,272,59
53.0,15.0,10,7,13,3,4,4,38,408,0,0,39,8
53.0,16.0,9,23,10,4,7,10,28,274,0,0,50,15
53.0,17.0,20,25,16,8,7,15,26,246,0,0,64,29
53.0,18.0,42,77,35,73,13,21,38,282,1,0,139,49
53.0,19.0,21,24,10,8,7,2,27,207,0,0,61,14
53.0,20.0,10,53,13,38,9,13,21,170,0,1,61,23
53.0,21.0,19,7,2,6,1,7,7,108,0,0,86,20
53.0,22.0,31,22,10,5,4,5,16,143,0,1,61,21
53.0,23.0,83,39,22,58,17,16,59,201,3,2,78,67
53.0,24.0,13,0,0,1,5,2,2,115,0,1,22,15
53.0,25.0,32,5,1,3,4,2,1,111,2,2,34,24
53.0,26.0,14,5,2,3,9,4,7,103,0,0,27,54
53.0,27.0,223,56,13,173,46,29,11,113,1,0,149,121
53.0,28.0,8,4,0,3,4,3,5,29,0,0,16,17
53.0,29.0,10,4,0,1,5,1,5,20,0,0,21,8
53.0,30.0,22,2,0,10,10,5,2,35,0,1,29,14
53.0,31.0,4,2,0,0,3,0,7,15,0,0,5,9
53.0,32.0,0,1,0,0,2,1,1,15,0,0,7,8
53.0,33.0,5,1,0,0,1,0,0,5,0,0,3,8
54.0,-12.0,0,0,0,0,0,0,0,0,0,0,0,0
54.0,-11.0,0,2,0,0,0,0,0,5,0,0,0,0
54.0,-10.0,2,44,1,4,1,0,0,46,0,0,17,1
54.0,-9.0,42,155,3,23,3,6,2,160,0,0,53,10
54.0,-8.0,43,158,2,47,9,5,5,349,0,0,63,10
54.0,-7.0,66,194,3,92,14,10,4,596,0,0,60,16
54.0,-6.0,80,161,12,64,16,12,14,432,0,0,80,26
54.0,-5.0,14,95,5,9,2,4,0,105,0,0,56,27
54.0,-4.0,21,357,5,75,7,13,2,86,0,0,168,29
54.0,-3.0,63,568,29,253,10,19,3,272,0,0,228,52
54.0,-2.0,196,1613,27,114,25,52,23,881,4,1,268,68
54.0,-1.0,38,337,20,10,3,13,11,229,0,0,102,21
54.0,0.0,0,0,0,0,0,0,0,0,0,0,0,0
54.0,1.0,0,0,0,0,0,0,0,0,0,0,0,0
54.0,2.0,0,0,0,0,0,0,0,0,0,0,0,0
54.0,3.0,0,0,0,0,0,0,0,0,0,0,0,0
54.0,4.0,0,0,0,0,0,0,0,0,0,0,0,0
54.0,5.0,0,0,0,0,0,0,0,0,0,0,0,0
54.0,6.0,0,0,0,0,0,0,0,0,0,0,0,0
54.0,7.0,2,9,1,0,1,0,0,2,0,0,24,4
54.0,8.0,27,39,25,134,8,7,7,103,0,0,237,45
54.0,9.0,33,157,46,235,12,35,26,263,3,0,187,109
54.0,10.0,78,102,55,181,18,21,9,153,6,0,222,72
54.0,11.0,40,24,26,24,8,9,11,139,0,0,133,48
54.0,12.0,45,63,52,103,11,20,8,119,0,0,202,58
54.0,13.0,47,47,38,62,11,17,1,122,0,0,327,74
54.0,14.0,5,0,14,0,1,3,4,10,0,0,41,2
54.0,15.0,28,14,36,21,5,4,8,69,0,0,188,12
54.0,16.0,14,21,19,36,7,8,17,148,0,0,91,17
54.0,17.0,14,17,16,9,6,10,12,182,0,0,69,21
54.0,18.0,129,124,101,132,17,31,29,291,1,1,316,91
54.0,19.0,17,18,12,35,7,5,12,114,0,0,99,24
54.0,20.0,51,24,6,5,9,11,5,105,0,1,179,59
54.0,21.0,15,7,13,2,6,6,1,63,0,0,37,21
54.0,22.0,18,6,2,2,4,2,2,61,0,0,39,23
54.0,23.0,34,28,1,46,4,14,14,89,0,2,70,92
54.0,24.0,3,3,0,25,2,4,0,68,1,0,32,41
54.0,25.0,111,70,4,115,9,16,14,115,2,0,90,85
54.0,26.0,22,2,0,3,5,8,8,98,0,1,40,18
54.0,27.0,14,2,0,3,3,4,0,94,0,0,37,24
54.0,28.0,14,2,1,1,5,1,8,49,0,0,38,23
54.0,29.0,7,1,0,2,4,1,0,19,0,0,13,9
54.0,30.0,8,4,0,4,4,1,4,47,0,0,20,13
54.0,31.0,3,0,0,0,2,1,1,16,0,0,11,9
54.0,32.0,13,6,1,0,6,8,1,19,0,0,29,15
54.0,33.0,3,2,0,0,1,1,0,11,0,0,7,4
55.0,-12.0,0,0,0,0,0,0,0,0,0,0,0,0
55.0,-11.0,0,0,0,0,0,0,0,0,0,0,0,0
55.0,-10.0,0,0,0,0,0,0,0,0,0,0,0,0
55.0,-9.0,2,19,0,2,0,1,0,10,0,0,9,0
55.0,-8.0,11,71,3,8,2,0,0,70,0,0,29,7
55.0,-7.0,9,51,4,23,1,1,0,126,0,0,37,4
55.0,-6.0,10,22,0,5,1,2,0,34,0,0,54,7
55.0,-5.0,168,610,14,69,20,34,25,278,4,0,218,59
55.0,-4.0,169,561,24,142,12,45,7,347,2,1,322,53
55.0,-3.0,13,150,4,19,3,4,1,117,0,1,85,27
55.0,-2.0,27,370,7,44,3,8,1,138,1,0,64,21
55.0,-1.0,0,0,0,0,0,0,0,0,0,0,0,0
55.0,0.0,0,0,0,0,0,0,0,0,0,0,0,0
55.0,1.0,0,0,0,0,0,0,0,0,0,0,0,0
55.0,2.0,0,0,0,0,0,0,0,0,0,0,0,0
55.0,3.0,0,0,0,0,0,0,0,0,0,0,0,0
55.0,4.0,0,0,0,0,0,0,0,0,0,0,0,0
55.0,5.0,0,0,0,0,0,0,0,0,0,0,0,0
55.0,6.0,0,0,0,0,0,0,0,0,0,0,0,0
55.0,7.0,0,0,0,0,0,0,0,0,0,0,0,0
55.0,8.0,60,24,19,98,5,10,19,144,0,0,58,71
55.0,9.0,108,35,49,85,19,26,36,290,1,0,87,83
55.0,10.0,103,23,37,81,13,26,33,234,0,0,56,85
55.0,11.0,71,18,39,22,18,13,47,275,0,0,45,62
55.0,12.0,668,165,169,640,52,86,31,389,6,2,235,170
55.0,13.0,25,43,15,23,15,21,4,96,0,1,70,37
55.0,14.0,13,6,14,22,5,3,1,40,0,0,66,32
55.0,15.0,11,0,5,6,1,1,1,7,0,0,5,7
55.0,16.0,0,0,0,0,0,0,0,0,0,0,0,0
55.0,17.0,0,0,0,0,0,0,0,0,0,0,0,0
55.0,18.0,0,0,0,0,0,0,0,0,0,0,0,0
55.0,19.0,0,0,0,0,0,0,0,0,0,0,0,0
55.0,20.0,4,0,0,2,0,0,0,1,0,0,15,3
55.0,21.0,51,18,4,9,5,13,3,64,0,0,108,55
55.0,22.0,5,4,0,6,0,7,0,68,0,0,13,25
55.0,23.0,17,24,1,9,3,4,2,59,0,2,16,41
55.0,24.0,17,7,0,10,1,5,1,78,0,0,15,27
55.0,25.0,2,5,0,3,1,3,23,64,0,0,16,44
55.0,26.0,18,4,0,7,4,5,0,58,0,0,30,26
55.0,27.0,8,0,0,1,3,6,5,73,0,0,38,21
55.0,28.0,9,5,1,1,3,1,8,44,0,0,28,29
55.0,29.0,3,0,0,1,2,0,1,24,0,0,10,7
55.0,30.0,19,16,1,31,4,6,10,57,0,0,16,22
55.0,31.0,0,0,0,0,1,0,0,4,0,0,3,6
55.0,32.0,2,1,0,0,4,0,0,6,0,0,6,4
55.0,33.0,2,0,0,0,0,1,0,7,0,0,4,4
56.0,-12.0,0,0,0,0,0,0,0,0,0,0,0,0
56.0,-11.0,0,0,0,0,0,0,0,0,0,0,0,0
56.0,-10.0,0,0,0,0,0,0,0,0,0,0,0,0
56.0,-9.0,0,0,0,0,0,0,0,0,0,0,0,0
56.0,-8.0,0,3,0,2,0,0,0,3,0,0,5,1
56.0,-7.0,0,6,2,7,0,1,0,10,0,0,16,8
56.0,-6.0,2,46,0,12,2,0,2,31,0,0,97,17
56.0,-5.0,3,42,4,21,1,0,1,30,0,0,102,8
56.0,-4.0,60,295,10,108,9,16,8,193,0,0,198,46
56.0,-3.0,41,184,13,30,6,9,7,126,2,1,95,35
56.0,-2.0,0,0,0,0,0,0,0,0,0,0,0,0
56.0,-1.0,0,0,0,0,0,0,0,0,0,0,0,0
56.0,0.0,0,0,0,0,0,0,0,0,0,0,0,0
56.0,1.0,0,0,0,0,0,0,0,0,0,0,0,0
56.0,2.0,0,0,0,0,0,0,0,0,0,0,0,0
56.0,3.0,0,0,0,0,0,0,0,0,0,0,0,0
56.0,4.0,0,0,0,0,0,0,0,0,0,0,0,0
56.0,5.0,0,0,0,0,0,0,0,0,0,0,0,0
56.0,6.0,0,0,0,0,0,0,0,0,0,0,0,0
56.0,7.0,0,0,0,0,0,0,0,0,0,0,0,0
56.0,8.0,74,8,24,78,7,8,21,253,0,0,45,72
56.0,9.0,76,7,23,68,17,19,32,332,0,0,47,72
56.0,10.0,167,41,42,107,13,25,22,238,2,0,56,56
56.0,11.0,1,0,5,1,0,0,0,1,0,0,1,1
56.0,12.0,40,25,31,35,11,14,8,94,1,0,70,55
56.0,13.0,3,4,5,11,4,4,4,54,0,0,19,26
56.0,14.0,2,14,1,30,5,8,4,42,0,0,33,30
56.0,15.0,1,13,2,23,6,7,1,46,0,0,25,28
56.0,16.0,3,8,7,4,5,4,0,26,0,0,26,5
56.0,17.0,0,0,0,0,0,0,0,0,0,0,0,0
56.0,18.0,0,0,0,1,0,0,0,3,0,0,0,2
56.0,19.0,0,0,0,0,0,0,0,0,0,0,0,0
56.0,20.0,2,0,0,0,0,1,0,0,0,0,5,1
56.0,21.0,16,5,1,13,2,7,1,42,0,0,44,30
56.0,22.0,5,2,1,5,1,4,0,34,0,0,15,18
56.0,23.0,26,11,0,17,2,13,1,28,0,2,51,44
56.0,24.0,194,60,7,38,8,33,5,85,0,0,143,88
56.0,25.0,2,2,1,4,1,15,0,28,0,0,11,25
56.0,26.0,2,1,0,3,2,9,0,21,0,0,8,13
56.0,27.0,2,0,0,8,3,0,0,24,0,0,9,20
56.0,28.0,2,0,0,1,0,1,0,7,0,0,10,3
56.0,29.0,2,0,0,0,1,0,0,6,0,0,5,4
56.0,30.0,11,8,0,0,2,1,0,8,0,0,14,6
56.0,31.0,1,1,0,1,1,1,0,12,0,0,6,4
56.0,32.0,1,1,0,0,1,0,0,8,0,0,6,4
56.0,33.0,1,0,0,0,0,0,1,8,0,0,4,4
57.0,-12.0,0,0,0,0,0,0,0,0,0,0,0,0
57.0,-11.0,0,0,0,0,0,0,0,0,0,0,0,0
57.0,-10.0,0,0,0,0,0,0,0,0,0,0,0,0
57.0,-9.0,0,0,0,0,0,0,0,0,0,0,0,1
57.0,-8.0,0,5,0,11,0,0,1,13,0,0,10,4
57.0,-7.0,3,10,0,10,0,0,0,14,0,0,35,4
57.0,-6.0,4,27,1,10,0,0,0,24,0,0,55,9
57.0,-5.0,13,68,2,38,3,6,3,80,0,0,124,23
57.0,-4.0,19,39,3,15,1,2,0,41,0,0,96,20
57.0,-3.0,33,165,9,51,4,9,14,146,0,0,130,30
57.0,-2.0,1,12,1,0,0,0,1,11,0,0,11,3
57.0,-1.0,0,0,0,0,0,0,0,0,0,0,0,0
57.0,0.0,0,0,0,0,0,0,0,0,0,0,0,0
57.0,1.0,0,0,0,0,0,0,0,0,0,0,0,0
57.0,2.0,0,0,0,0,0,0,0,0,0,0,0,0
57.0,3.0,0,0,0,0,0,0,0,0,0,0,0,0
57.0,4.0,0,0,0,0,0,0,0,0,0,0,0,0
57.0,5.0,0,0,0,0,0,0,0,0,0,0,0,0
57.0,6.0,0,0,0,0,0,0,0,0,0,0,0,0
57.0,7.0,0,0,0,1,0,0,0,1,0,0,0,0
57.0,8.0,3,2,2,2,0,0,1,17,0,0,5,3
57.0,9.0,97,16,43,47,8,10,20,112,0,0,47,30
57.0,10.0,22,8,13,12,3,1,5,85,0,0,38,29
57.0,11.0,41,89,16,47,10,22,3,69,1,1,89,39
57.0,12.0,5,18,9,27,7,7,3,169,0,0,42,25
57.0,13.0,0,2,0,3,4,7,3,117,0,0,12,8
57.0,14.0,3,8,2,22,7,8,2,69,0,0,40,31
57.0,15.0,0,1,0,4,4,11,1,33,0,0,15,17
57.0,16.0,1,3,2,8,4,3,1,18,0,0,16,15
57.0,17.0,0,0,1,0,1,1,0,1,0,0,1,3
57.0,18.0,6,4,2,4,2,2,0,43,0,0,22,20
57.0,19.0,0,0,0,2,2,0,0,2,0,0,3,4
57.0,20.0,0,0,0,0,0,0,0,0,0,0,0,0
57.0,21.0,2,7,0,2,1,3,0,8,0,0,9,7
57.0,22.0,2,0,0,9,1,5,0,8,0,0,8,14
57.0,23.0,0,1,0,0,0,0,0,4,0,0,6,7
57.0,24.0,19,11,3,15,2,5,0,21,0,0,39,25
57.0,25.0,7,2,1,13,1,8,0,21,0,0,30,22
57.0,26.0,2,7,0,8,1,7,0,27,0,0,3,32
57.0,27.0,2,3,0,3,1,2,3,26,0,0,26,25
57.0,28.0,29,15,0,1,5,5,2,39,0,0,49,20
57.0,29.0,0,1,0,0,1,3,0,16,0,0,9,5
57.0,30.0,0,0,0,0,0,0,0,4,0,0,0,0
57.0,31.0,0,1,0,0,3,2,1,9,0,0,6,7
57.0,32.0,1,0,0,0,0,0,0,7,0,0,6,2
57.0,33.0,4,0,1,0,3,2,0,28,0,0,49,14
58.0,-12.0,0,0,0,0,0,0,0,0,0,0,0,0
58.0,-11.0,0,0,0,0,0,0,0,0,0,0,0,0
58.0,-10.0,0,0,0,0,0,0,0,0,0,0,0,0
58.0,-9.0,0,0,0,0,0,0,0,0,0,0,0,0
58.0,-8.0,0,0,0,1,0,0,0,0,0,0,0,1
58.0,-7.0,0,8,0,8,0,1,0,20,0,0,13,8
58.0,-6.0,2,2,0,1,0,0,0,0,0,0,11,1
58.0,-5.0,2,2,0,1,0,0,0,4,0,0,16,2
58.0,-4.0,5,16,3,4,1,1,1,17,0,0,39,20
58.0,-3.0,8,2,1,4,1,2,0,8,0,0,13,7
58.0,-2.0,0,0,0,0,0,0,0,0,0,0,0,0
58.0,-1.0,0,0,0,0,0,0,0,0,0,0,0,0
58.0,0.0,0,0,0,0,0,0,0,0,0,0,0,0
58.0,1.0,0,0,0,0,0,0,0,0,0,0,0,0
58.0,2.0,0,0,0,0,0,0,0,0,0,0,0,0
58.0,3.0,0,0,0,0,0,0,0,0,0,0,0,0
58.0,4.0,0,0,0,0,0,0,0,0,0,0,0,0
58.0,5.0,33,27,1,102,4,4,1,73,0,0,40,54
58.0,6.0,1,7,0,35,8,3,0,37,0,0,16,30
58.0,7.0,5,13,0,54,4,3,0,54,0,0,19,42
58.0,8.0,6,6,3,93,3,8,1,57,0,0,18,43
58.0,9.0,6,4,6,27,2,1,0,18,0,0,9,9
58.0,10.0,0,2,0,2,0,0,0,1,0,0,1,2
58.0,11.0,2,5,2,26,5,5,7,94,0,0,47,23
58.0,12.0,2,9,2,3,6,6,3,121,0,0,26,31
58.0,13.0,1,8,1,12,8,9,1,180,0,0,33,34
58.0,14.0,2,0,9,8,2,2,3,53,0,0,31,30
58.0,15.0,4,19,6,28,6,6,0,93,0,0,27,32
58.0,16.0,3,13,6,23,8,11,0,46,0,0,35,26
58.0,17.0,2,2,1,5,1,4,1,19,0,0,10,13
58.0,18.0,2,0,0,0,0,0,0,2,0,0,2,2
58.0,19.0,0,0,0,0,0,0,0,0,0,0,0,1
58.0,20.0,0,0,0,0,0,0,0,0,0,0,0,0
58.0,21.0,0,0,0,0,0,0,0,0,0,0,1,0
58.0,22.0,5,9,0,4,4,2,0,32,0,0,24,19
58.0,23.0,8,4,1,3,0,0,0,28,0,0,12,17
58.0,24.0,13,17,0,5,2,4,1,29,0,0,33,15
58.0,25.0,9,12,3,7,3,8,1,26,0,0,17,34
58.0,26.0,18,22,2,10,4,7,0,37,0,0,33,54
58.0,27.0,4,8,0,2,0,0,0,19,0,0,7,15
58.0,28.0,0,0,0,0,0,0,0,10,0,0,0,1
58.0,29.0,1,0,0,0,2,2,0,13,0,0,16,4
58.0,30.0,3,0,0,0,0,3,2,19,0,0,1,2
58.0,31.0,31,10,1,0,3,10,0,58,0,0,23,24
58.0,32.0,1,1,0,0,2,1,0,4,0,0,2,2
58.0,33.0,7,1,0,1,4,3,0,20,0,0,9,4
59.0,-12.0,0,0,0,0,0,0,0,0,0,0,0,0
59.0,-11.0,0,0,0,0,0,0,0,0,0,0,0,0
59.0,-10.0,0,0,0,0,0,0,0,0,0,0,0,0
59.0,-9.0,0,0,0,0,0,0,0,0,0,0,0,0
59.0,-8.0,0,0,0,0,0,0,0,0,0,0,0,0
59.0,-7.0,0,0,0,0,0,0,0,0,0,0,0,0
59.0,-6.0,0,0,0,0,0,0,0,0,0,0,0,0
59.0,-5.0,0,0,0,0,0,0,0,0,0,0,0,0
59.0,-4.0,0,2,0,2,0,0,0,3,0,0,3,2
59.0,-3.0,0,2,0,1,0,0,0,3,0,0,7,7
59.0,-2.0,0,1,0,0,0,0,0,2,0,0,4,5
59.0,-1.0,0,0,0,0,0,0,0,0,0,0,0,0
59.0,0.0,0,0,0,0,0,0,0,0,0,0,0,0
59.0,1.0,0,0,0,0,0,0,0,0,0,0,0,0
59.0,2.0,0,0,0,0,0,0,0,0,0,0,0,0
59.0,3.0,0,0,0,0,0,0,0,0,0,0,0,0
59.0,4.0,0,0,0,0,0,0,0,1,0,0,0,1
59.0,5.0,7,15,2,70,8,6,0,71,0,0,20,56
59.0,6.0,0,3,0,18,4,0,0,17,0,0,13,26
59.0,7.0,2,0,0,13,0,0,0,11,0,0,6,10
59.0,8.0,3,4,0,25,1,0,0,30,0,0,13,15
59.0,9.0,6,13,2,101,6,10,0,90,0,0,27,28
59.0,10.0,121,172,13,777,25,63,2,286,10,0,144,154
59.0,11.0,9,22,1,179,5,8,2,102,1,0,17,41
59.0,12.0,0,5,0,16,4,4,4,41,0,0,20,27
59.0,13.0,4,8,1,13,6,10,5,34,0,0,24,31
59.0,14.0,1,1,0,10,2,6,1,39,0,0,18,24
59.0,15.0,12,11,4,6,6,11,4,54,0,0,28,21
59.0,16.0,4,13,5,12,10,14,0,74,0,0,33,37
59.0,17.0,30,54,13,55,18,23,2,186,3,0,124,68
59.0,18.0,131,127,38,92,25,78,5,147,2,1,194,101
59.0,19.0,0,0,0,2,0,0,0,0,0,0,1,3
59.0,20.0,0,0,0,1,0,0,0,0,0,0,2,3
59.0,21.0,0,0,0,0,0,0,0,2,0,0,1,1
59.0,22.0,2,0,2,5,1,0,1,2,0,0,3,7
59.0,23.0,2,1,8,6,1,1,0,3,0,0,5,7
59.0,24.0,99,56,11,86,11,28,3,53,0,1,88,79
59.0,25.0,8,7,0,2,1,4,1,13,0,0,5,22
59.0,26.0,1,8,0,0,1,3,0,12,0,0,8,14
59.0,27.0,12,5,0,3,1,4,0,8,0,0,11,9
59.0,28.0,7,7,0,1,4,5,3,18,0,0,27,12
59.0,29.0,21,10,6,2,4,9,1,43,0,0,33,60
59.0,30.0,554,248,11,34,64,124,4,142,2,2,886,291
59.0,31.0,6,0,0,0,1,3,0,17,0,0,7,14
59.0,32.0,3,1,1,0,3,0,0,7,0,0,15,3
59.0,33.0,1,0,0,0,2,1,0,14,0,0,6,2
